-- phpMyAdmin SQL Dump
-- version 4.4.12
-- http://www.phpmyadmin.net
--
-- Host: 127.0.0.1
-- Generation Time: Jun 01, 2017 at 09:43 PM
-- Server version: 5.6.25
-- PHP Version: 5.5.27

SET SQL_MODE = "NO_AUTO_VALUE_ON_ZERO";
SET time_zone = "+00:00";


/*!40101 SET @OLD_CHARACTER_SET_CLIENT=@@CHARACTER_SET_CLIENT */;
/*!40101 SET @OLD_CHARACTER_SET_RESULTS=@@CHARACTER_SET_RESULTS */;
/*!40101 SET @OLD_COLLATION_CONNECTION=@@COLLATION_CONNECTION */;
/*!40101 SET NAMES utf8mb4 */;

--
-- Database: `schedulemaker`
--

-- --------------------------------------------------------

--
-- Table structure for table `accounts`
--

CREATE TABLE IF NOT EXISTS `accounts` (
  `userID` int(11) NOT NULL,
  `username` varchar(256) NOT NULL,
  `password` varchar(256) NOT NULL
) ENGINE=InnoDB DEFAULT CHARSET=latin1;

--
-- Dumping data for table `accounts`
--

INSERT INTO `accounts` (`userID`, `username`, `password`) VALUES
(1, 'realallenraven', 'allenravenelite'),
(3, 'admin', 'kiervenellie2021');

-- --------------------------------------------------------

--
-- Table structure for table `schedules`
--

CREATE TABLE IF NOT EXISTS `schedules` (
  `scheduleName` varchar(255) NOT NULL,
  `subjectOfferNo` varchar(255) NOT NULL,
  `userID` int(11) NOT NULL
) ENGINE=InnoDB DEFAULT CHARSET=latin1;

--
-- Dumping data for table `schedules`
--

INSERT INTO `schedules` (`scheduleName`, `subjectOfferNo`, `userID`) VALUES
('Schedule #1', '00717', 1),
('Schedule #1', '00377', 1),
('Schedule #1', '00376', 1),
('Schedule #1', '00375', 1),
('Schedule #1', '00370', 1),
('Schedule #1', '00366', 1),
('Schedule #1', '00361', 1),
('Schedule #2', '00377', 1),
('Schedule #2', '00376', 1),
('Schedule #2', '00375', 1),
('Schedule #2', '00371', 1),
('Schedule #2', '00609', 1),
('Schedule #2', '00361', 1),
('Schedule #2', '00366', 1),
('Schedule #2', '00717', 1),
('Schedule #3', '00491', 1),
('Schedule #3', '00488', 1),
('Schedule #3', '00489', 1),
('Schedule #3', '00496', 1),
('Schedule #3', '00491', 1),
('Schedule #3', '00370', 1),
('Schedule #3', '00642', 1),
('TestSchedule', '00990', 3),
('TestSchedule', '00934', 3),
('TestSchedule', '00938', 3),
('TestSchedule', '01012', 3),
('TestSchedule', '01013', 3);

-- --------------------------------------------------------

--
-- Stand-in structure for view `schedulesview`
--
CREATE TABLE IF NOT EXISTS `schedulesview` (
`scheduleName` varchar(255)
,`subjectOfferNo` varchar(255)
,`userID` int(11)
,`subjectCode` varchar(255)
,`description` varchar(255)
,`timeStart` time(6)
,`timeEnd` time(6)
,`day` varchar(255)
,`leclab` varchar(255)
,`room` varchar(255)
,`section` varchar(25)
);

-- --------------------------------------------------------

--
-- Table structure for table `selectedsubjects`
--

CREATE TABLE IF NOT EXISTS `selectedsubjects` (
  `subjectOfferNo` varchar(255) NOT NULL,
  `userID` int(11) NOT NULL
) ENGINE=InnoDB DEFAULT CHARSET=latin1;

-- --------------------------------------------------------

--
-- Table structure for table `subjectoffer`
--

CREATE TABLE IF NOT EXISTS `subjectoffer` (
  `subjectOfferNo` varchar(255) NOT NULL,
  `subjectCode` varchar(255) NOT NULL,
  `description` varchar(255) NOT NULL,
  `timeStart` time(6) NOT NULL,
  `timeEnd` time(6) NOT NULL,
  `day` varchar(255) NOT NULL,
  `leclab` varchar(255) NOT NULL,
  `room` varchar(255) NOT NULL,
  `section` varchar(25) NOT NULL
) ENGINE=InnoDB DEFAULT CHARSET=latin1;

--
-- Dumping data for table `subjectoffer`
--

INSERT INTO `subjectoffer` (`subjectOfferNo`, `subjectCode`, `description`, `timeStart`, `timeEnd`, `day`, `leclab`, `room`, `section`) VALUES
('00990', 'Cal 2', 'Integral Calculus', '09:00:00.000000', '10:00:00.000000', 'MWF', 'LEC', 'TH401', 'AB-3B'),
('00934', 'CL 1', 'Computer Literacy 1', '09:00:00.000000', '10:00:00.000000', 'MWF', 'LEC', 'CCL1', 'AB-2A'),
('00938', 'Eco 1', 'Principles of Economics with Taxation and Agrarian Refor', '07:30:00.000000', '09:00:00.000000', 'TTh', 'LEC', 'J203', 'AB-2A'),
('01012', 'Eco 13', 'Econometrics', '08:00:00.000000', '09:00:00.000000', 'MWF', 'LEC', 'TH401', 'AB-4A'),
('01013', 'Eco 14', 'Managerial Economics', '09:00:00.000000', '10:00:00.000000', 'MWF', 'LEC', 'J403', 'AB-4A'),
('01014', 'Eco 15', 'Industrial Economics', '09:00:00.000000', '10:30:00.000000', 'TTh', 'LEC', 'TH401', 'AB-4A'),
('01015', 'Eco 16', 'Financial Economics', '10:30:00.000000', '12:00:00.000000', 'TTh', 'LEC', 'TH401', 'AB-4A'),
('00942', 'Eco 3', 'Macroeconomics', '17:15:00.000000', '18:15:00.000000', 'MWF', 'LEC', 'J304', 'AB-2A'),
('00984', 'Eco 5', 'Urban & Regional Economics', '11:00:00.000000', '12:00:00.000000', 'MWF', 'LEC', 'TH401', 'AB-3B'),
('00985', 'Eco 6', 'Economic Growth & Development', '16:00:00.000000', '17:00:00.000000', 'MWF', 'LEC', 'TH401', 'AB-3B'),
('00986', 'Eco 7', 'Agricultural Economics', '14:00:00.000000', '15:30:00.000000', 'TTh', 'LEC', 'TH401', 'AB-3B'),
('00987', 'Eco 8', 'Environmental Economics', '15:00:00.000000', '16:00:00.000000', 'MWF', 'LEC', 'TH401', 'AB-3B'),
('00954', 'Engl 12', 'English and American Literature', '14:00:00.000000', '15:00:00.000000', 'MWF', 'LEC', 'J201', 'AB-3A'),
('00955', 'Engl 13', 'Mythology & Folklore', '16:00:00.000000', '17:00:00.000000', 'MWF', 'LEC', 'PME502', 'AB-3A'),
('00956', 'Engl 14', 'Afro-Asian Literature', '14:00:00.000000', '15:30:00.000000', 'TTh', 'LEC', 'J404', 'AB-3A'),
('00957', 'Engl 15', 'Campus Journalism', '17:00:00.000000', '18:30:00.000000', 'TTh', 'LEC', 'J201', 'AB-3A'),
('01000', 'Engl 19', 'Introduction to Stylistics', '08:00:00.000000', '09:00:00.000000', 'MWF', 'LEC', 'J201', 'AB-4A'),
('01001', 'Engl 23', 'English for Specific Purposes', '09:00:00.000000', '10:00:00.000000', 'MWF', 'LEC', 'J201', 'AB-4A'),
('01002', 'Engl 24', 'Language Research', '07:30:00.000000', '09:00:00.000000', 'TTh', 'LEC', 'J201', 'AB-4A'),
('00935', 'Engl 3', 'Speech and Oral Communication', '12:00:00.000000', '13:00:00.000000', 'MWF', 'LEC', 'SLR', 'AB-2A'),
('00937', 'Engl 4', 'Business English Correspondence and Technical Writing', '15:00:00.000000', '16:00:00.000000', 'MWF', 'LEC', 'PME404', 'AB-2A'),
('00952', 'Engl 8', 'Translation & Editing of Text', '11:00:00.000000', '12:00:00.000000', 'MWF', 'LEC', 'J201', 'AB-3A'),
('00953', 'Engl 9', 'The Teaching of Speaking', '13:00:00.000000', '14:00:00.000000', 'MWF', 'LEC', 'J301', 'AB-3A'),
('01006', 'Fil 13', 'Kulturang Popular', '09:00:00.000000', '10:30:00.000000', 'TTh', 'LEC', 'TH405', 'AB-4A'),
('01007', 'Fil 14', 'Panunuring Pampanitikan', '10:30:00.000000', '12:00:00.000000', 'TTh', 'LEC', 'TH405', 'AB-4A'),
('01008', 'Fil 15', 'Pagpapahalagang Pampanitikan', '09:00:00.000000', '10:00:00.000000', 'MWF', 'LEC', 'TH405', 'AB-4A'),
('01009', 'Fil 16', 'Mga anyo ng Kontemporaryong Panitikang Filipino', '10:00:00.000000', '11:00:00.000000', 'MWF', 'LEC', 'J204', 'AB-4A'),
('01010', 'Fil 17', 'Sining at Talumpati', '15:00:00.000000', '16:00:00.000000', 'MWF', 'LEC', 'TH405', 'AB-4A'),
('00941', 'Fil 2', 'Pagbasa at Pagsulat Tungo sa Pananaliksik', '13:00:00.000000', '14:00:00.000000', 'MWF', 'LEC', 'PME502', 'AB-2A'),
('00936', 'Fil 3', 'Masining na Pagpapahayag', '14:00:00.000000', '15:00:00.000000', 'MWF', 'LEC', 'PME502', 'AB-2A'),
('00983', 'Fil 3', 'Masining na Pagpapahayag', '10:00:00.000000', '11:00:00.000000', 'MWF', 'LEC', 'CH303', 'AB-3B'),
('00973', 'Fil 7', 'Panimula sa Pagsasalin', '14:00:00.000000', '15:00:00.000000', 'MWF', 'LEC', 'TH403', 'AB-3B'),
('00972', 'Fil 8', 'Panimula sa Pamamahayag', '13:00:00.000000', '14:00:00.000000', 'MWF', 'LEC', 'TH403', 'AB-3B'),
('00974', 'Fil 9', 'Teknikal na Pagsulat / Korespondensya Opisyal', '16:00:00.000000', '17:00:00.000000', 'MWF', 'LEC', 'TH403', 'AB-3B'),
('00982', 'Health 1', 'Personal and Community Hygiene and First Aid', '11:00:00.000000', '12:00:00.000000', 'MWF', 'LEC', 'PH201', 'AB-3B'),
('01011', 'Health 1', 'Personal and Community Hygiene and First Aid', '08:00:00.000000', '09:00:00.000000', 'MWF', 'LEC', 'J306', 'AB-4A'),
('00951', 'Hist 1', 'Philippine History', '11:00:00.000000', '12:00:00.000000', 'MWF', 'LEC', 'GH207', 'AB-2A'),
('01029', 'Hist 12', 'History of Latin America', '12:00:00.000000', '15:00:00.000000', 'S', 'LEC', 'TH401', 'AB-4B'),
('01030', 'Hist 13', 'Cultural Anthropology', '13:00:00.000000', '14:00:00.000000', 'MWF', 'LEC', 'J403', 'AB-4B'),
('01031', 'Hist 14', 'History of Spain', '09:00:00.000000', '10:30:00.000000', 'TTh', 'LEC', 'CH405', 'AB-4B'),
('01032', 'Hist 15', 'History of Southeast Asia', '15:00:00.000000', '18:00:00.000000', 'S', 'LEC', 'CH203', 'AB-4B'),
('01033', 'Hist 16', 'History of Africa', '20:00:00.000000', '21:30:00.000000', 'TTh', 'LEC', 'TH401', 'AB-4B'),
('00962', 'Hist 5', 'Asian Civilization Studies', '20:15:00.000000', '21:15:00.000000', 'MWF', 'LEC', 'TH401', 'AB-3A'),
('00963', 'Hist 6', 'European Civilization', '18:30:00.000000', '20:00:00.000000', 'TTh', 'LEC', 'TH401', 'AB-3A'),
('00970', 'Hist 7', 'History of Africa', '08:00:00.000000', '11:00:00.000000', 'S', 'LEC', 'CH201', 'AB-3A'),
('00971', 'Hist 8', 'History of Religion', '14:00:00.000000', '15:00:00.000000', 'MWF', 'LEC', 'J305', 'AB-3A'),
('00949', 'Hum 1', 'Art Appreciation and Aesthetics', '15:00:00.000000', '16:00:00.000000', 'MWF', 'LEC', 'PME405', 'AB-2A'),
('01003', 'Hum 1', 'Arts Appreciation and Aesthetics', '13:00:00.000000', '14:00:00.000000', 'MWF', 'LEC', 'PH407', 'AB-4A'),
('00939', 'Lit 1', 'Philippine Literature', '18:30:00.000000', '20:00:00.000000', 'TTh', 'LEC', 'GYM201', 'AB-2A'),
('00988', 'Lit 1', 'Philippine Literature', '08:00:00.000000', '09:00:00.000000', 'MWF', 'LEC', 'J204', 'AB-3B'),
('00977', 'Lit 2', 'World Literature', '09:00:00.000000', '10:30:00.000000', 'TTh', 'LEC', 'J203', 'AB-3B'),
('00960', 'Math 18', 'Elementary Statistics', '10:00:00.000000', '11:00:00.000000', 'MWF', 'LEC', 'PH201', 'AB-3A'),
('00976', 'Math 18', 'Elementary Statistics', '07:30:00.000000', '09:00:00.000000', 'TTh', 'LEC', 'J306', 'AB-3B'),
('00997', 'Math 18', 'Elementary Statistics', '17:15:00.000000', '18:15:00.000000', 'MWF', 'LEC', 'GYM201', 'AB-3C'),
('00943', 'Math Eco 3', 'Mathematical Economics', '17:00:00.000000', '18:30:00.000000', 'TTh', 'LEC', 'TH401', 'AB-2A'),
('00946', 'MC 1', 'Introduction to Mass Communication', '11:00:00.000000', '12:00:00.000000', 'MWF', 'LEC', 'MCC', 'AB-2A'),
('00991', 'MC 10', 'Desktop Publishing', '20:15:00.000000', '21:15:00.000000', 'MWF', 'LEC', 'ITL3', 'AB-3C'),
('01018', 'MC 16', 'Media Management & Entrepreneurship', '18:15:00.000000', '19:15:00.000000', 'MWF', 'LEC', 'MCC', 'AB-4B'),
('01019', 'MC 17', 'Advertising & Public Information', '19:15:00.000000', '20:15:00.000000', 'MWF', 'LEC', 'MCC', 'AB-4B'),
('01020', 'MC 18', 'Thesis Writing', '12:30:00.000000', '14:00:00.000000', 'TTh', 'LEC', 'MCC', 'AB-4B'),
('01021', 'MC 19', 'Advanced Writing for TV & Radio', '20:00:00.000000', '21:30:00.000000', 'TTh', 'LEC', 'MCC', 'AB-4B'),
('00947', 'MC 2', 'Writing for Print', '15:00:00.000000', '16:00:00.000000', 'MWF', 'LEC', 'MCC', 'AB-2A'),
('00992', 'MC 6', 'Developmental Journalism', '14:00:00.000000', '15:00:00.000000', 'MWF', 'LEC', 'MCC', 'AB-3C'),
('00993', 'MC 7', 'TV Writing and Production', '09:00:00.000000', '10:30:00.000000', 'TTh', 'LEC', 'MCC', 'AB-3C'),
('00994', 'MC 8', 'Radio Writing and Production', '17:00:00.000000', '18:30:00.000000', 'TTh', 'LEC', 'MCC', 'AB-3C'),
('00995', 'MC 9', 'Media Practices, Principles & Law', '18:30:00.000000', '20:00:00.000000', 'TTh', 'LEC', 'MCC', 'AB-3C'),
('00961', 'NS 1', 'Earth Science', '09:00:00.000000', '10:30:00.000000', 'TTh', 'LEC', 'CH303', 'AB-3A'),
('00998', 'NS 2', 'Environmental Science', '18:15:00.000000', '19:15:00.000000', 'MWF', 'LEC', 'J401', 'AB-3C'),
('01016', 'NS 2', 'Environmental Science', '10:00:00.000000', '11:00:00.000000', 'MWF', 'LEC', 'PH203', 'AB-4A'),
('00948', 'NSTP 1C', 'National Service Training Program 1 (CWTS-Non PCG)', '15:00:00.000000', '18:00:00.000000', 'S', 'LEC', 'GYM102', 'AB-2A'),
('00989', 'PD 1', 'Personality Development and Public Relations', '20:00:00.000000', '21:30:00.000000', 'TTh', 'LEC', 'CH203', 'AB-3B'),
('01004', 'PD 1', 'Personality Development and Public Relations', '16:00:00.000000', '17:00:00.000000', 'MWF', 'LEC', 'GH206', 'AB-4A'),
('01022', 'PD 1', 'Personality Development and Public Relations', '09:00:00.000000', '10:30:00.000000', 'TTh', 'LEC', 'J405', 'AB-4B'),
('00940', 'PE 3', 'Individual and Dual Sports', '10:00:00.000000', '12:00:00.000000', 'mT', 'LEC', 'AREAA', 'AB-2A'),
('00958', 'Philo 1', 'Logic', '18:30:00.000000', '20:00:00.000000', 'TTh', 'LEC', 'PH205', 'AB-3A'),
('00975', 'Philo 1', 'Logic', '08:00:00.000000', '09:00:00.000000', 'MWF', 'LEC', 'J203', 'AB-3B'),
('00996', 'Philo 1', 'Logic', '13:00:00.000000', '14:00:00.000000', 'MWF', 'LEC', 'J405', 'AB-3C'),
('01017', 'Philo 1', 'Logic', '14:00:00.000000', '15:00:00.000000', 'MWF', 'LEC', 'PME405', 'AB-4A'),
('01005', 'Pol Sci 1', 'Politics and Governance with Philippine Constitution', '17:15:00.000000', '18:15:00.000000', 'MWF', 'LEC', 'GYM105', 'AB-4A'),
('01025', 'Pol Sci 13', 'Introduction to Law', '10:00:00.000000', '11:00:00.000000', 'MWF', 'LEC', 'J304', 'AB-4B'),
('01027', 'Pol Sci 14', 'Parliamentary Rules & Procedure', '18:30:00.000000', '20:00:00.000000', 'TTh', 'LEC', 'TH403', 'AB-4B'),
('01028', 'Pol Sci 15', 'Philippine Local & National Government', '20:00:00.000000', '21:30:00.000000', 'TTh', 'LEC', 'TH402', 'AB-4B'),
('01026', 'Pol Sci 16', 'Philippine Political Parties & Interest Groups', '16:00:00.000000', '17:00:00.000000', 'MWF', 'LEC', 'TH402', 'AB-4B'),
('00950', 'Pol Sci 3', 'Intro. to Philippine Government and Politics', '17:15:00.000000', '18:15:00.000000', 'MWF', 'LEC', 'TH404', 'AB-2A'),
('00979', 'Pol Sci 6', 'Ancient & Medieval Political Theories', '18:15:00.000000', '19:15:00.000000', 'MWF', 'LEC', 'TH404', 'AB-3B'),
('00980', 'Pol Sci 7', 'An Introduction to Comparative Government & Politics', '19:15:00.000000', '20:15:00.000000', 'MWF', 'LEC', 'TH402', 'AB-3B'),
('00981', 'Pol Sci 8', 'Modern Political Theories', '18:30:00.000000', '20:00:00.000000', 'TTh', 'LEC', 'TH402', 'AB-3B'),
('00944', 'Psy 1', 'General Psychology', '18:30:00.000000', '20:00:00.000000', 'TTh', 'LEC', 'PME502', 'AB-2A'),
('00933', 'Re Ed 3', 'The Church', '08:00:00.000000', '09:00:00.000000', 'MWF', 'LEC', 'GH207', 'AB-2A'),
('00959', 'Re Ed 5', 'Liturgy and Sacraments', '12:30:00.000000', '14:00:00.000000', 'TTh', 'LEC', 'PME502', 'AB-3A'),
('00978', 'Re Ed 5', 'Liturgy and Sacraments', '10:30:00.000000', '12:00:00.000000', 'TTh', 'LEC', 'PH206', 'AB-3B'),
('00999', 'Re Ed 5', 'Liturgy and Sacraments', '19:15:00.000000', '20:15:00.000000', 'MWF', 'LEC', 'GYM201', 'AB-3C'),
('01023', 'Rizal', 'Life, Works and Writings of Rizal', '10:00:00.000000', '11:00:00.000000', 'MWF', 'LEC', 'PH206', 'AB-4B'),
('00945', 'Socio 1', 'Society and Culture with Family Planning', '12:30:00.000000', '14:00:00.000000', 'TTh', 'LEC', 'J401', 'AB-2A'),
('01024', 'Socio 1', 'Society and Culture with Family Planning', '09:00:00.000000', '10:00:00.000000', 'MWF', 'LEC', 'PH206', 'AB-4B'),
('00073', 'Acc 105 (ATech)', 'Financial Accounting and Reporting III', '17:00:00.000000', '18:30:00.000000', 'TTh', 'LEC', 'J301', 'BSACT-3A'),
('00074', 'Acc 105 (ATech)', 'Financial Accounting and Reporting III', '17:15:00.000000', '18:15:00.000000', 'MWF', 'LEC', 'J601', 'BSACT-3B'),
('00825', 'Acc 105 (ATech)', 'Financial Accounting and Reporting III', '19:15:00.000000', '20:15:00.000000', 'MWF', 'LEC', 'CH303', ''),
('00075', 'Acc 106 (ATech)', 'Cost Accounting and Cost Management I', '18:30:00.000000', '20:00:00.000000', 'TTh', 'LEC', 'J401', 'BSACT-3A'),
('00076', 'Acc 106 (ATech)', 'Cost Accounting and Cost Management I', '18:15:00.000000', '19:15:00.000000', 'MWF', 'LEC', 'J601', 'BSACT-3B'),
('00826', 'Acc 106 (ATech)', 'Cost Accounting and Cost Management I', '20:15:00.000000', '21:15:00.000000', 'MWF', 'LEC', 'J606', ''),
('00091', 'Acc 108 (ATech)', 'Internal Auditing', '19:15:00.000000', '20:15:00.000000', 'MWF', 'LEC', 'J204', 'BSACT-4A'),
('00091', 'Acc 108 (ATech)', 'Internal Auditing', '18:30:00.000000', '20:00:00.000000', 'TTh', 'LEC', 'J204', 'BSACT-4A'),
('00092', 'Acc 108 (ATech)', 'Internal Auditing', '20:15:00.000000', '21:15:00.000000', 'MWF', 'LEC', 'J401', 'BSACT-4B'),
('00092', 'Acc 108 (ATech)', 'Internal Auditing', '20:00:00.000000', '21:30:00.000000', 'TTh', 'LEC', 'J401', 'BSACT-4B'),
('00833', 'Acc 108 (ATech)', 'Internal Auditing', '19:15:00.000000', '21:15:00.000000', 'MWF', 'LEC', 'J301', 'BSACT-4C'),
('00093', 'Acc 110 (ATech)', 'Advance Financial Accounting and Reporting I', '18:15:00.000000', '19:15:00.000000', 'MWF', 'LEC', 'J203', 'BSACT-4A'),
('00094', 'Acc 110 (ATech)', 'Advance Financial Accounting and Reporting I', '17:00:00.000000', '18:30:00.000000', 'TTh', 'LEC', 'J503', 'BSACT-4B'),
('00835', 'Acc 110 (ATech)', 'Advance Financial Accounting and Reporting I', '18:30:00.000000', '20:00:00.000000', 'TTh', 'LEC', 'J202', 'BSACT-4C'),
('00476', 'Acc Review 101', 'Accounting Review 1 - Theory of Accounts', '18:00:00.000000', '21:00:00.000000', 'S', 'LEC', 'J606', 'BSA-5E'),
('00454', 'Acc Review 103', 'Acctg Review III - Practical Acctg Problems I', '06:00:00.000000', '09:00:00.000000', 'S', 'LEC', 'J606', 'BSA-5E'),
('00467', 'Actg 101', 'Fundamentals of Accounting 1', '14:00:00.000000', '15:00:00.000000', 'MWF', 'LEC', 'J503', ''),
('00467', 'Actg 101', 'Fundamentals of Accounting 1', '14:00:00.000000', '15:30:00.000000', 'TTh', 'LEC', 'J503', ''),
('00486', 'Actg 102', 'Fundamentals of Accounitng II', '13:00:00.000000', '14:00:00.000000', 'MWF', 'LEC', 'J203', ''),
('00486', 'Actg 102', 'Fundamentals of Accounitng II', '12:30:00.000000', '14:00:00.000000', 'TTh', 'LEC', 'J203', ''),
('00001', 'Actg 103', 'Financial Accounting and Reporting I', '17:15:00.000000', '18:15:00.000000', 'MWF', 'LEC', 'J604', 'BSA-3A'),
('00001', 'Actg 103', 'Financial Accounting and Reporting I', '17:00:00.000000', '18:30:00.000000', 'TTh', 'LEC', 'J604', 'BSA-3A'),
('00002', 'Actg 103', 'Financial Accounting and Reporting I', '18:15:00.000000', '19:15:00.000000', 'MWF', 'LEC', 'J605', 'BSA-3B'),
('00002', 'Actg 103', 'Financial Accounting and Reporting I', '18:30:00.000000', '20:00:00.000000', 'TTh', 'LEC', 'J605', 'BSA-3B'),
('00003', 'Actg 103', 'Financial Accounting and Reporting I', '19:15:00.000000', '21:15:00.000000', 'MWF', 'LEC', 'J605', 'BSA-3C'),
('00004', 'Actg 103', 'Financial Accounting and Reporting I', '18:15:00.000000', '20:15:00.000000', 'MWF', 'LEC', 'J604', 'BSA-3D'),
('00803', 'Actg 103', 'Financial Accounting and Reporting I', '13:00:00.000000', '14:00:00.000000', 'MWF', 'LEC', 'J604', 'BSA-3E'),
('00803', 'Actg 103', 'Financial Accounting and Reporting I', '12:30:00.000000', '14:00:00.000000', 'TTh', 'LEC', 'J604', 'BSA-3E'),
('00029', 'Actg 105', 'Financial Accounting and Reporting III', '18:15:00.000000', '19:15:00.000000', 'MWF', 'LEC', 'J202', 'BSA-4A'),
('00030', 'Actg 105', 'Financial Accounting and Reporting III', '17:15:00.000000', '18:15:00.000000', 'MWF', 'LEC', 'J405', 'BSA-4B'),
('00031', 'Actg 105', 'Financial Accounting and Reporting III', '18:30:00.000000', '20:00:00.000000', 'TTh', 'LEC', 'J405', 'BSA-4C'),
('00815', 'Actg 105', 'Financial Accounting and Reporting III', '19:15:00.000000', '20:15:00.000000', 'MWF', 'LEC', 'J306', 'BSA-4D'),
('00005', 'Actg 106', 'Cost Accounting and Cost Management', '14:00:00.000000', '15:00:00.000000', 'MWF', 'LEC', 'J604', 'BSA-3A'),
('00005', 'Actg 106', 'Cost Accounting and Cost Management', '14:00:00.000000', '15:30:00.000000', 'TTh', 'LEC', 'J604', 'BSA-3A'),
('00006', 'Actg 106', 'Cost Accounting and Cost Management', '18:15:00.000000', '19:15:00.000000', 'MWF', 'LEC', 'J404', 'BSA-3C'),
('00006', 'Actg 106', 'Cost Accounting and Cost Management', '18:30:00.000000', '20:00:00.000000', 'TTh', 'LEC', 'J404', 'BSA-3C'),
('00007', 'Actg 106', 'Cost Accounting and Cost Management', '17:15:00.000000', '18:15:00.000000', 'MWF', 'LEC', 'J605', 'BSA-3B'),
('00007', 'Actg 106', 'Cost Accounting and Cost Management', '17:00:00.000000', '18:30:00.000000', 'TTh', 'LEC', 'J605', 'BSA-3B'),
('00008', 'Actg 106', 'Cost Accounting and Cost Management', '20:15:00.000000', '21:15:00.000000', 'MWF', 'LEC', 'J306', 'BSA-3D'),
('00008', 'Actg 106', 'Cost Accounting and Cost Management', '20:00:00.000000', '21:30:00.000000', 'TTh', 'LEC', 'J306', 'BSA-3D'),
('00808', 'Actg 106', 'Cost Accounting and Cost Management', '18:15:00.000000', '20:15:00.000000', 'MWF', 'LEC', 'J606', 'BSA-3E'),
('00032', 'Actg 107', 'Management Accounting I', '13:00:00.000000', '14:00:00.000000', 'MWF', 'LEC', 'J605', 'BSA-4A'),
('00033', 'Actg 107', 'Management Accounting I', '16:00:00.000000', '17:00:00.000000', 'MWF', 'LEC', 'J604', 'BSA-4B'),
('00034', 'Actg 107', 'Management Accounting I', '15:00:00.000000', '16:00:00.000000', 'MWF', 'LEC', 'J503', 'BSA-4C'),
('00814', 'Actg 107', 'Management Accounting I', '18:15:00.000000', '19:15:00.000000', 'MWF', 'LEC', 'J204', 'BSA-4D'),
('00053', 'Actg 109', 'Management Consultancy', '18:15:00.000000', '19:15:00.000000', 'MWF', 'LEC', 'J503', 'BSA-5A'),
('00054', 'Actg 109', 'Management Consultancy', '19:15:00.000000', '20:15:00.000000', 'MWF', 'LEC', 'J202', 'BSA-5B'),
('00055', 'Actg 109', 'Management Consultancy', '18:30:00.000000', '20:00:00.000000', 'TTh', 'LEC', 'J306', 'BSA-5C'),
('00824', 'Actg 109', 'Management Consultancy', '18:30:00.000000', '20:00:00.000000', 'TTh', 'LEC', 'J301', 'BSA-5D'),
('00050', 'Actg 110', 'Advanced Financial Accounting and Reporting I', '18:15:00.000000', '19:15:00.000000', 'MWF', 'LEC', 'J405', 'BSA-4B'),
('00051', 'Actg 110', 'Advanced Financial Accounting and Reporting I', '20:00:00.000000', '21:30:00.000000', 'TTh', 'LEC', 'J404', 'BSA-4C'),
('00052', 'Actg 110', 'Advanced Financial Accounting and Reporting I', '19:15:00.000000', '20:15:00.000000', 'MWF', 'LEC', 'J203', 'BSA-4A'),
('00816', 'Actg 110', 'Advanced Financial Accounting and Reporting I', '20:15:00.000000', '21:15:00.000000', 'MWF', 'LEC', 'J203', 'BSA-4D'),
('00056', 'Actg 114', 'Applied Auditing', '19:15:00.000000', '21:15:00.000000', 'MWF', 'LEC', 'J503', 'BSA-5A'),
('00057', 'Actg 114', 'Applied Auditing', '17:15:00.000000', '18:15:00.000000', 'MWF', 'LEC', 'J204', 'BSA-5B'),
('00057', 'Actg 114', 'Applied Auditing', '17:00:00.000000', '18:30:00.000000', 'TTh', 'LEC', 'J204', 'BSA-5B'),
('00058', 'Actg 114', 'Applied Auditing', '18:15:00.000000', '20:15:00.000000', 'MWF', 'LEC', 'J201', 'BSA-5C'),
('00819', 'Actg 114', 'Applied Auditing', '15:00:00.000000', '17:00:00.000000', 'MWF', 'LEC', 'J605', 'BSA-5D'),
('00085', 'CL 103', 'IT Concepts  and Systems Analysis and Design', '19:15:00.000000', '20:15:00.000000', 'MWF', 'LEC', 'CCL1', 'BSACT-3A'),
('00086', 'CL 103', 'IT Concepts  and Systems Analysis and Design', '20:15:00.000000', '21:15:00.000000', 'MWF', 'LEC', 'CCL3', 'BSACT-3B'),
('00095', 'CL 104', 'Accounting Information System', '12:00:00.000000', '15:00:00.000000', 'S', 'LEC', 'CCL1', 'BSACT-4A'),
('00100', 'CL 104', 'Accounting Information System', '15:00:00.000000', '18:00:00.000000', 'S', 'LEC', 'CCL1', 'BSACT-4B'),
('00832', 'CL 104', 'Accounting Information System', '18:15:00.000000', '19:15:00.000000', 'MWF', 'LEC', 'CCL3', 'BSACT-4C'),
('00009', 'CS 103', 'IT Concepts and Systems Analysis and Design', '15:00:00.000000', '16:00:00.000000', 'MWF', 'LEC', 'CCL1', 'BSA-3A'),
('00010', 'CS 103', 'IT Concepts and Systems Analysis and Design', '13:00:00.000000', '14:00:00.000000', 'MWF', 'LEC', 'CCL1', 'BSA-3B'),
('00011', 'CS 103', 'IT Concepts and Systems Analysis and Design', '14:00:00.000000', '15:30:00.000000', 'TTh', 'LEC', 'CCL1', 'BSA-3C'),
('00012', 'CS 103', 'IT Concepts and Systems Analysis and Design', '12:30:00.000000', '14:00:00.000000', 'TTh', 'LEC', 'CCL1', 'BSA-3D'),
('00810', 'CS 103', 'IT Concepts and Systems Analysis and Design', '20:15:00.000000', '21:15:00.000000', 'MWF', 'LEC', 'CCL1', 'BSA-3E'),
('00059', 'CS 105', 'Auditing in a CIS Environment', '17:00:00.000000', '18:30:00.000000', 'TTh', 'LEC', 'CCL1', 'BSA-5A'),
('00060', 'CS 105', 'Auditing in a CIS Environment', '18:30:00.000000', '20:00:00.000000', 'TTh', 'LEC', 'CCL1', 'BSA-5B'),
('00061', 'CS 105', 'Auditing in a CIS Environment', '20:15:00.000000', '21:15:00.000000', 'MWF', 'LEC', 'CCL2', 'BSA-5C'),
('00821', 'CS 105', 'Auditing in a CIS Environment', '18:15:00.000000', '19:15:00.000000', 'MWF', 'LEC', 'CCL1', 'BSA-5D'),
('00013', 'Eco 102', 'Micro Economics Theory and Practice', '18:30:00.000000', '20:00:00.000000', 'TTh', 'LEC', 'CH303', 'BSA-3A'),
('00017', 'Eco 102', 'Micro Economics Theory and Practice', '14:00:00.000000', '15:30:00.000000', 'TTh', 'LEC', 'J601', 'BSA-3B'),
('00018', 'Eco 102', 'Micro Economics Theory and Practice', '17:00:00.000000', '18:30:00.000000', 'TTh', 'LEC', 'GYM103', 'BSA-3C'),
('00019', 'Eco 102', 'Micro Economics Theory and Practice', '16:00:00.000000', '17:00:00.000000', 'MWF', 'LEC', 'J405', 'BSA-3D'),
('00111', 'Eco 102', 'Economics (Micro & Macro)', '14:00:00.000000', '15:00:00.000000', 'MWF', 'LEC', 'TH402', 'BSREM-3A'),
('00806', 'Eco 102', 'Micro Economics Theory and Practice', '10:30:00.000000', '12:00:00.000000', 'TTh', 'LEC', 'J203', 'BSA-3E'),
('00096', 'Fin 102', 'Financial Management 1', '19:15:00.000000', '20:15:00.000000', 'MWF', 'LEC', 'J401', 'BSACT-4B'),
('00097', 'Fin 102', 'Financial Management 1', '20:15:00.000000', '21:15:00.000000', 'MWF', 'LEC', 'J202', 'BSACT-4A'),
('00831', 'Fin 102', 'Financial Management 1', '17:15:00.000000', '18:15:00.000000', 'MWF', 'LEC', 'J503', 'BSACT-4C'),
('00038', 'Fina 102', 'Financial Management I', '18:30:00.000000', '20:00:00.000000', 'TTh', 'LEC', 'J606', 'BSA-4A'),
('00039', 'Fina 102', 'Financial Management I', '19:15:00.000000', '20:15:00.000000', 'MWF', 'LEC', 'J405', 'BSA-4B'),
('00040', 'Fina 102', 'Financial Management I', '19:15:00.000000', '20:15:00.000000', 'MWF', 'LEC', 'J404', 'BSA-4C'),
('00818', 'Fina 102', 'Financial Management I', '18:30:00.000000', '20:00:00.000000', 'TTh', 'LEC', 'J503', 'BSA-4D'),
('00065', 'Hum 102', 'Humanities - Elective', '12:00:00.000000', '13:00:00.000000', 'MWF', 'LEC', 'J404', 'BSA-5A'),
('00066', 'Hum 102', 'Humanities - Elective', '07:30:00.000000', '09:00:00.000000', 'TTh', 'LEC', 'J204', 'BSA-5B'),
('00079', 'Law 101', 'Law on Obligations and Contracts', '18:15:00.000000', '19:15:00.000000', 'MWF', 'LEC', 'GYM206', 'BSACT-3A'),
('00080', 'Law 101', 'Law on Obligations and Contracts', '19:15:00.000000', '20:15:00.000000', 'MWF', 'LEC', 'CH202', 'BSACT-3B'),
('00015', 'Law 102', 'Law on Business Organizations', '18:15:00.000000', '19:15:00.000000', 'MWF', 'LEC', 'PH202', 'BSA-3A'),
('00023', 'Law 102', 'Law on Business Organizations', '16:00:00.000000', '17:00:00.000000', 'MWF', 'LEC', 'J306', 'BSA-3B'),
('00024', 'Law 102', 'Law on Business Organizations', '17:15:00.000000', '18:15:00.000000', 'MWF', 'LEC', 'J401', 'BSA-3C'),
('00025', 'Law 102', 'Law on Business Organizations', '17:00:00.000000', '18:30:00.000000', 'TTh', 'LEC', 'J601', 'BSA-3D'),
('00110', 'Law 102', 'Law on Partnership and Corporation', '18:30:00.000000', '20:00:00.000000', 'TTh', 'LEC', 'TH404', 'BSREM-3A'),
('00804', 'Law 102', 'Partnership and Corporation Law', '14:00:00.000000', '15:00:00.000000', 'MWF', 'LEC', 'J203', 'BSA-3E'),
('00809', 'Law 102', 'Law on Business Organizations', '17:00:00.000000', '18:30:00.000000', 'TTh', 'LEC', 'J202', 'BSA-3E'),
('00041', 'Law 103', 'Law on Negotiable Instruments', '17:15:00.000000', '18:15:00.000000', 'MWF', 'LEC', 'J203', 'BSA-4A'),
('00042', 'Law 103', 'Law on Negotiable Instruments', '14:00:00.000000', '15:30:00.000000', 'TTh', 'LEC', 'J605', 'BSA-4B'),
('00043', 'Law 103', 'Law on Negotiable Instruments', '20:15:00.000000', '21:15:00.000000', 'MWF', 'LEC', 'J404', 'BSA-4C'),
('00103', 'Law 103', 'Law on Negotiable Instruments', '17:00:00.000000', '18:30:00.000000', 'TTh', 'LEC', 'CH303', 'BSACT-4A'),
('00104', 'Law 103', 'Law on Negotiable Instruments', '18:30:00.000000', '20:00:00.000000', 'TTh', 'LEC', 'PH204', 'BSACT-4B'),
('00117', 'Law 103', 'Law on Negotiable Instruments', '18:30:00.000000', '20:00:00.000000', 'TTh', 'LEC', 'J203', 'BSREM-4A'),
('00811', 'Law 103', 'Law on Negotiable Instruments', '20:00:00.000000', '21:30:00.000000', 'TTh', 'LEC', 'J606', 'BSA-4D'),
('00834', 'Law 103', 'Law on Negotiable Instruments', '17:00:00.000000', '18:30:00.000000', 'TTh', 'LEC', 'PH203', 'BSACT-4C'),
('00087', 'Math 8', 'Business Statistics', '16:00:00.000000', '17:00:00.000000', 'MWF', 'LEC', 'CH302', 'BSACT-3A'),
('00088', 'Math 8', 'Business Statistics', '20:00:00.000000', '21:30:00.000000', 'TTh', 'LEC', 'J202', 'BSACT-3B'),
('00044', 'Mgt 104', 'Production and Operations Management', '15:00:00.000000', '16:00:00.000000', 'MWF', 'LEC', 'J202', 'BSA-4A'),
('00045', 'Mgt 104', 'Production and Operations Management', '17:00:00.000000', '18:30:00.000000', 'TTh', 'LEC', 'J404', 'BSA-4B'),
('00098', 'Mgt 104', 'Production and Operations Management', '17:15:00.000000', '18:15:00.000000', 'MWF', 'LEC', 'CH303', 'BSACT-4A'),
('00099', 'Mgt 104', 'Production and Operations Management', '18:15:00.000000', '19:15:00.000000', 'MWF', 'LEC', 'PH203', 'BSACT-4B'),
('00830', 'Mgt 104', 'Production and Operations Management', '16:00:00.000000', '17:00:00.000000', 'MWF', 'LEC', 'CH303', 'BSACT-4C'),
('00067', 'Mgt 105', 'Business Policy and Strategy', '19:15:00.000000', '20:15:00.000000', 'MWF', 'LEC', 'PME302', 'BSA-5A'),
('00068', 'Mgt 105', 'Business Policy and Strategy', '18:15:00.000000', '19:15:00.000000', 'MWF', 'LEC', 'PME502', 'BSA-5B'),
('00069', 'Mgt 105', 'Business Policy and Strategy', '17:00:00.000000', '18:30:00.000000', 'TTh', 'LEC', 'J306', 'BSA-5C'),
('00820', 'Mgt 105', 'Business Policy and Strategy', '17:15:00.000000', '18:15:00.000000', 'MWF', 'LEC', 'J404', 'BSA-5D'),
('00081', 'Mgt 1a', 'Human Behavior in Organization', '15:00:00.000000', '16:00:00.000000', 'MWF', 'LEC', 'CH302', 'BSACT-3A'),
('00062', 'Mkg 101', 'Principles of Marketing', '13:00:00.000000', '14:00:00.000000', 'MWF', 'LEC', 'J606', 'BSA-5A'),
('00063', 'Mkg 101', 'Principles of Marketing', '16:00:00.000000', '17:00:00.000000', 'MWF', 'LEC', 'J204', 'BSA-5B'),
('00064', 'Mkg 101', 'Principles of Marketing', '09:00:00.000000', '10:30:00.000000', 'TTh', 'LEC', 'CH201', 'BSA-5C'),
('01191', 'Mkg 101', 'Principles of Marketing', '14:00:00.000000', '15:00:00.000000', 'MWF', 'LEC', 'PH403', ''),
('00077', 'Mktg 1', 'Principles of Marketing', '17:15:00.000000', '18:15:00.000000', 'MWF', 'LEC', 'CH302', 'BSACT-3A'),
('00078', 'Mktg 1', 'Principles of Marketing', '10:30:00.000000', '12:00:00.000000', 'TTh', 'LEC', 'PME404', 'BSACT-3B'),
('00014', 'Mth 103', 'Business Statistics with Computer Application', '13:00:00.000000', '14:00:00.000000', 'MWF', 'LEC', 'J204', 'BSA-3A'),
('00020', 'Mth 103', 'Business Statistics with Computer Application', '14:00:00.000000', '15:00:00.000000', 'MWF', 'LEC', 'J301', 'BSA-3B'),
('00021', 'Mth 103', 'Business Statistics with Computer Application', '16:00:00.000000', '17:00:00.000000', 'MWF', 'LEC', 'J404', 'BSA-3C'),
('00022', 'Mth 103', 'Business Statistics with Computer Application', '15:00:00.000000', '16:00:00.000000', 'MWF', 'LEC', 'J405', 'BSA-3D'),
('00805', 'Mth 103', 'Business Statistics with Computer Application', '18:30:00.000000', '20:00:00.000000', 'TTh', 'LEC', 'GYM203', 'BSA-3E'),
('00047', 'Mth 105', 'Calculus for Business', '14:00:00.000000', '15:00:00.000000', 'MWF', 'LEC', 'J404', 'BSA-4A'),
('00048', 'Mth 105', 'Calculus for Business', '20:00:00.000000', '21:30:00.000000', 'TTh', 'LEC', 'J204', 'BSA-4B'),
('00049', 'Mth 105', 'Calculus for Business', '17:15:00.000000', '18:15:00.000000', 'MWF', 'LEC', 'J606', 'BSA-4C'),
('00812', 'Mth 105', 'Calculus for Business', '16:00:00.000000', '17:00:00.000000', 'MWF', 'LEC', 'J503', 'BSA-4D'),
('00089', 'NS 4', 'Physical Science', '20:00:00.000000', '21:30:00.000000', 'TTh', 'LEC', 'J203', 'BSACT-3A'),
('00090', 'NS 4', 'Physical Science', '15:00:00.000000', '16:00:00.000000', 'MWF', 'LEC', 'NSLR1', 'BSACT-3B'),
('00070', 'Prac 101', 'Internship', '17:15:00.000000', '18:15:00.000000', 'MWF', 'LEC', 'Field', 'BSA-5A'),
('00071', 'Prac 101', 'Internship', '18:15:00.000000', '19:15:00.000000', 'MWF', 'LEC', 'Field', 'BSA-5B'),
('00072', 'Prac 101', 'Internship', '16:00:00.000000', '17:00:00.000000', 'MWF', 'LEC', 'Field', 'BSA-5C'),
('00823', 'Prac 101', 'Internship', '17:00:00.000000', '18:30:00.000000', 'TTh', 'LEC', 'Field', 'BSA-5D'),
('00827', 'Prac 101', 'Internship/ Accounting Thesis', '09:00:00.000000', '12:00:00.000000', 'S', 'LEC', 'J605', 'BSACT-4A'),
('00828', 'Prac 101', 'Internship/ Accounting Thesis', '12:00:00.000000', '15:00:00.000000', 'S', 'LEC', 'J605', 'BSACT-4B'),
('00016', 'Re Ed 105', 'Liturgy and Sacraments', '16:00:00.000000', '17:00:00.000000', 'MWF', 'LEC', 'J202', 'BSA-3A'),
('00026', 'Re Ed 105', 'Liturgy and Sacraments', '15:00:00.000000', '16:00:00.000000', 'MWF', 'LEC', 'J306', 'BSA-3B'),
('00027', 'Re Ed 105', 'Liturgy and Sacraments', '20:00:00.000000', '21:30:00.000000', 'TTh', 'LEC', 'J605', 'BSA-3C'),
('00028', 'Re Ed 105', 'Liturgy and Sacraments', '18:30:00.000000', '20:00:00.000000', 'TTh', 'LEC', 'GYM204', 'BSA-3D'),
('00112', 'Re Ed 105', 'Liturgy and Sacraments', '12:30:00.000000', '14:00:00.000000', 'TTh', 'LEC', 'J404', 'BSREM-3A'),
('00807', 'Re Ed 105', 'Liturgy and Sacraments', '17:15:00.000000', '18:15:00.000000', 'MWF', 'LEC', 'GYM103', 'BSA-3E'),
('00083', 'Re Ed 5', 'Liturgy and Sacraments', '20:15:00.000000', '21:15:00.000000', 'MWF', 'LEC', 'GYM206', 'BSACT-3A'),
('00084', 'Re Ed 5', 'Liturgy and Sacraments', '18:30:00.000000', '20:00:00.000000', 'TTh', 'LEC', 'CH302', 'BSACT-3B'),
('00109', 'REE 101', 'Human and Physical Geography', '13:00:00.000000', '14:00:00.000000', 'MWF', 'LEC', 'TH402', 'BSREM-3A'),
('00115', 'REE 104', 'Condominium Concept and Other Specialized Developme', '19:15:00.000000', '20:15:00.000000', 'MWF', 'LEC', 'TH405', 'BSREM-4A'),
('00116', 'REE 105', 'Internet Technology in Real Estate', '17:00:00.000000', '18:30:00.000000', 'TTh', 'LEC', 'TH404', 'BSREM-4A'),
('00801', 'REM 101', 'Fundamentals of Real Estate Management', '09:00:00.000000', '12:00:00.000000', 'S', 'LEC', 'CH202', ''),
('00802', 'REM 102', 'Real Estate Marketing and Brokerage', '13:00:00.000000', '16:00:00.000000', 'S', 'LEC', 'GH207', ''),
('00105', 'REM 105', 'Real Estate Planning and Development', '17:15:00.000000', '18:15:00.000000', 'MWF', 'LEC', 'TH401', 'BSREM-3A'),
('00106', 'REM 106', 'Real Estate Appraisal and Property Management', '14:00:00.000000', '15:30:00.000000', 'TTh', 'LEC', 'TH402', 'BSREM-3A'),
('00107', 'REM 107', 'Real Estate Consulting and Investment Analysis', '20:15:00.000000', '21:15:00.000000', 'MWF', 'LEC', 'TH402', 'BSREM-3A'),
('00108', 'REM 108', 'Principles of Ecology', '17:00:00.000000', '18:30:00.000000', 'TTh', 'LEC', 'TH402', 'BSREM-3A'),
('00113', 'REM 112', 'Ethical Standards for Real Estate Practice', '16:00:00.000000', '17:00:00.000000', 'MWF', 'LEC', 'J305', 'BSREM-4A'),
('00114', 'REM 113', 'Real Estate Economics', '18:15:00.000000', '19:15:00.000000', 'MWF', 'LEC', 'TH401', 'BSREM-4A'),
('00118', 'Socio 101', 'Society and Culture with Family Planning', '14:00:00.000000', '15:30:00.000000', 'TTh', 'LEC', 'J405', 'BSREM-4A'),
('00035', 'Tax 101', 'Income Taxation', '18:15:00.000000', '19:15:00.000000', 'MWF', 'LEC', 'J306', 'BSA-4C'),
('00036', 'Tax 101', 'Income Taxation', '18:30:00.000000', '20:00:00.000000', 'TTh', 'LEC', 'J604', 'BSA-4B'),
('00037', 'Tax 101', 'Income Taxation', '17:00:00.000000', '18:30:00.000000', 'TTh', 'LEC', 'J405', 'BSA-4A'),
('00101', 'Tax 101', 'Income Taxation', '20:00:00.000000', '21:30:00.000000', 'TTh', 'LEC', 'CH302', 'BSACT-4A'),
('00102', 'Tax 101', 'Income Taxation', '16:00:00.000000', '17:00:00.000000', 'MWF', 'LEC', 'J401', 'BSACT-4B'),
('00813', 'Tax 101', 'Income Taxation', '17:15:00.000000', '18:15:00.000000', 'MWF', 'LEC', 'J202', 'BSA-4D'),
('00829', 'Tax 101', 'Income Taxation', '15:00:00.000000', '16:00:00.000000', 'MWF', 'LEC', 'PH202', 'BSACT-4C'),
('00119', 'Acctg BA', 'Fundamentals of Accounting', '08:00:00.000000', '09:00:00.000000', 'MWF', 'LEC', 'J604', 'BA-2A'),
('00119', 'Acctg BA', 'Fundamentals of Accounting', '07:30:00.000000', '09:00:00.000000', 'TTh', 'LEC', 'J604', 'BA-2A'),
('00120', 'Acctg BA', 'Fundamentals of Accounting', '11:00:00.000000', '12:00:00.000000', 'MWF', 'LEC', 'J604', 'BA-2B'),
('00120', 'Acctg BA', 'Fundamentals of Accounting', '10:30:00.000000', '12:00:00.000000', 'TTh', 'LEC', 'J604', 'BA-2B'),
('00121', 'Acctg BA', 'Fundamentals of Accounting', '19:15:00.000000', '20:15:00.000000', 'MWF', 'LEC', 'J601', 'BA-2C'),
('00121', 'Acctg BA', 'Fundamentals of Accounting', '20:00:00.000000', '21:30:00.000000', 'TTh', 'LEC', 'J601', 'BA-2C'),
('00122', 'Acctg BA', 'Fundamentals of Accounting', '20:15:00.000000', '21:15:00.000000', 'MWF', 'LEC', 'J604', 'BA-2D'),
('00122', 'Acctg BA', 'Fundamentals of Accounting', '20:00:00.000000', '21:30:00.000000', 'TTh', 'LEC', 'J604', 'BA-2D'),
('00124', 'Acctg FA', 'Financial Accounting', '20:15:00.000000', '21:15:00.000000', 'MWF', 'LEC', 'J601', 'BA-2F'),
('00124', 'Acctg FA', 'Financial Accounting', '20:00:00.000000', '21:30:00.000000', 'TTh', 'LEC', 'J301', 'BA-2F'),
('00181', 'BE 1', 'History of Economics Thoughts', '14:00:00.000000', '15:00:00.000000', 'MWF', 'LEC', 'TH401', 'BA-2G'),
('00275', 'BE 3', 'Managerial Economics', '13:00:00.000000', '14:00:00.000000', 'MWF', 'LEC', 'TH401', 'BA-3J'),
('00276', 'BE 4', 'Advanced Microeconomics', '10:00:00.000000', '11:00:00.000000', 'MWF', 'LEC', 'TH401', 'BA-3J'),
('00869', 'BE 6', 'Advanced Macroeconomics', '11:00:00.000000', '12:00:00.000000', 'MWF', 'LEC', 'J304', 'BA-4K'),
('00870', 'BE 7', 'International Economics', '09:00:00.000000', '10:30:00.000000', 'TTh', 'LEC', 'J304', 'BA-4K'),
('00871', 'BE E4', 'Economic Development', '12:30:00.000000', '14:00:00.000000', 'TTh', 'LEC', 'J304', 'BA-4K'),
('00872', 'BE E5', 'Feasibility Study', '09:00:00.000000', '10:00:00.000000', 'MWF', 'LEC', 'TH404', 'BA-4K'),
('00258', 'Bus 1', 'Total Quality Management', '09:00:00.000000', '10:30:00.000000', 'TTh', 'LEC', 'J404', 'BA-3I'),
('00266', 'Bus 1', 'Total Quality Management', '10:30:00.000000', '12:00:00.000000', 'TTh', 'LEC', 'J204', 'BA-3J'),
('00453', 'Bus 1', 'Total Quality Management', '15:00:00.000000', '16:00:00.000000', 'MWF', 'LEC', 'J601', ''),
('00879', 'Bus 1', 'Total Quality Management', '18:15:00.000000', '19:15:00.000000', 'MWF', 'LEC', 'GYM204', 'BA-4N'),
('00844', 'Bus 2', 'Good Governance and Social Responsibility', '14:00:00.000000', '15:30:00.000000', 'TTh', 'LEC', 'CH303', 'BA-4F'),
('00845', 'Bus 2', 'Good Governance and Social Responsibility', '18:15:00.000000', '19:15:00.000000', 'MWF', 'LEC', 'CH303', 'BA-4G'),
('00846', 'Bus 2', 'Good Governance and Social Responsibility', '13:00:00.000000', '14:00:00.000000', 'MWF', 'LEC', 'J306', 'BA-4H'),
('00847', 'Bus 2', 'Good Governance and Social Responsibility', '14:00:00.000000', '15:00:00.000000', 'MWF', 'LEC', 'TH404', 'BA-4I'),
('00848', 'Bus 2', 'Good Governance and Social Responsibility', '15:00:00.000000', '16:00:00.000000', 'MWF', 'LEC', 'PME502', 'BA-4I'),
('00866', 'Bus 2', 'Good Governance and Social Responsibility', '19:15:00.000000', '20:15:00.000000', 'MWF', 'LEC', 'GYM204', 'BA-4J'),
('00880', 'Bus 2', 'Good Governance and Social Responsibility', '19:15:00.000000', '20:15:00.000000', 'MWF', 'LEC', 'GYM206', ''),
('00154', 'CL 2', 'Electronics Spreadsheets and other Computer Application', '11:00:00.000000', '12:00:00.000000', 'MWF', 'LEC', 'CCL1', 'BA-2A'),
('00155', 'CL 2', 'Electronics Spreadsheets and other Computer Application', '08:00:00.000000', '09:00:00.000000', 'MWF', 'LEC', 'CCL1', 'BA-2B'),
('00156', 'CL 2', 'Electronics Spreadsheets and other Computer Application', '16:00:00.000000', '17:00:00.000000', 'MWF', 'LEC', 'CCL1', 'BA-2C'),
('00157', 'CL 2', 'Electronics Spreadsheets and other Computer Application', '10:30:00.000000', '12:00:00.000000', 'TTh', 'LEC', 'CCL1', 'BA-2D'),
('00158', 'CL 2', 'Electronics Spreadsheets and other Computer Application', '10:00:00.000000', '11:00:00.000000', 'MWF', 'LEC', 'CCL1', 'BA-2E'),
('00159', 'CL 2', 'Electronics Spreadsheets and other Computer Application', '12:30:00.000000', '14:00:00.000000', 'TTh', 'LEC', 'CCL2', 'BA-2F'),
('00138', 'Econ 2', 'Microeconomics', '18:30:00.000000', '20:00:00.000000', 'TTh', 'LEC', 'GYM103', 'BA-2F'),
('00140', 'Engl 3', 'Speech and Oral Communication', '10:30:00.000000', '12:00:00.000000', 'TTh', 'LEC', 'SLR', 'BA-2A'),
('00141', 'Engl 3', 'Speech and Oral Communication', '07:30:00.000000', '09:00:00.000000', 'TTh', 'LEC', 'SLR', 'BA-2B'),
('00142', 'Engl 3', 'Speech and Oral Communication', '14:00:00.000000', '15:00:00.000000', 'MWF', 'LEC', 'SLR', 'BA-2C'),
('00143', 'Engl 3', 'Speech and Oral Communication', '17:15:00.000000', '18:15:00.000000', 'MWF', 'LEC', 'SLR', 'BA-2D'),
('00144', 'Engl 3', 'Speech and Oral Communication', '11:00:00.000000', '12:00:00.000000', 'MWF', 'LEC', 'SLR', 'BA-2E'),
('00145', 'Engl 3', 'Speech and Oral Communication', '12:00:00.000000', '15:00:00.000000', 'S', 'LEC', 'SLR', 'BA-2F'),
('00146', 'Engl 3', 'Speech and Oral Communication', '20:00:00.000000', '21:30:00.000000', 'TTh', 'LEC', 'SLR', 'BA-2G'),
('00223', 'Engl 3a', 'Business Communication', '18:30:00.000000', '20:00:00.000000', 'TTh', 'LEC', 'GYM104', 'BA-3A'),
('00224', 'Engl 3a', 'Business Communication', '09:00:00.000000', '10:00:00.000000', 'MWF', 'LEC', 'J204', 'BA-3B'),
('00225', 'Engl 3a', 'Business Communication', '14:00:00.000000', '15:30:00.000000', 'TTh', 'LEC', 'PME401', 'BA-3C'),
('00226', 'Engl 3a', 'Business Communication', '07:30:00.000000', '09:00:00.000000', 'TTh', 'LEC', 'J606', 'BA-3D'),
('00228', 'Engl 3a', 'Business Communication', '12:30:00.000000', '14:00:00.000000', 'TTh', 'LEC', 'PME401', 'BA-3F'),
('00253', 'Engl 3a', 'Business Communication', '10:00:00.000000', '11:00:00.000000', 'MWF', 'LEC', 'J306', 'BA-3E'),
('00254', 'Engl 3a', 'Business Communication', '17:00:00.000000', '18:30:00.000000', 'TTh', 'LEC', 'GYM201', 'BA-3G'),
('00265', 'Engl 3a', 'Business Communication', '12:30:00.000000', '14:00:00.000000', 'TTh', 'LEC', 'PME404', 'BA-3J'),
('01131', 'Fil 2', 'Pagbasa at Pagsulat sa Iba&qoute;t - ibang Disiplina', '07:30:00.000000', '09:00:00.000000', 'TTh', 'LEC', 'GH207', ''),
('00221', 'FM 3', 'Credit and Collection', '10:00:00.000000', '11:00:00.000000', 'MWF', 'LEC', 'BALab', 'BA-3F'),
('00227', 'FM 3', 'Credit and Collection', '09:00:00.000000', '10:00:00.000000', 'MWF', 'LEC', 'BALab', 'BA-3E'),
('00235', 'FM 3', 'Credit and Collection', '14:00:00.000000', '15:30:00.000000', 'TTh', 'LEC', 'BALab', 'BA-3G'),
('00236', 'FM 3', 'Credit and Collection', '09:00:00.000000', '10:30:00.000000', 'TTh', 'LEC', 'TH402', 'BA-3H'),
('00255', 'FM 3', 'Credit and Collection', '10:30:00.000000', '12:00:00.000000', 'TTh', 'LEC', 'TH402', 'BA-3H'),
('01063', 'FM 3', 'Credit and Collection', '14:00:00.000000', '15:00:00.000000', 'MWF', 'LEC', 'PH202', ''),
('00216', 'FM 4', 'Financial Analysis and Reporting', '10:30:00.000000', '12:00:00.000000', 'TTh', 'LEC', 'BALab', 'BA-3F'),
('00222', 'FM 4', 'Financial Analysis and Reporting', '09:00:00.000000', '10:30:00.000000', 'TTh', 'LEC', 'BALab', 'BA-3E'),
('00238', 'FM 4', 'Financial Analysis and Reporting', '13:00:00.000000', '14:00:00.000000', 'MWF', 'LEC', 'BALab', 'BA-3G'),
('00239', 'FM 4', 'Financial Analysis and Reporting', '09:00:00.000000', '10:00:00.000000', 'MWF', 'LEC', 'TH403', 'BA-3H'),
('00242', 'FM 4', 'Financial Analysis and Reporting', '10:00:00.000000', '11:00:00.000000', 'MWF', 'LEC', 'TH403', 'BA-3H'),
('01195', 'FM 6', 'Capital Markets', '18:30:00.000000', '20:00:00.000000', 'TTh', 'LEC', 'PME302', ''),
('00850', 'FM 7', 'Investment and Portfolio Management', '13:00:00.000000', '14:00:00.000000', 'MWF', 'LEC', 'CH302', 'BA-4F'),
('00851', 'FM 7', 'Investment and Portfolio Management', '16:00:00.000000', '17:00:00.000000', 'MWF', 'LEC', 'BALab', 'BA-4G'),
('00852', 'FM 7', 'Investment and Portfolio Management', '17:15:00.000000', '18:15:00.000000', 'MWF', 'LEC', 'CH202', 'BA-4H'),
('00283', 'FM 8', 'Strategic Financial Management', '18:15:00.000000', '19:15:00.000000', 'MWF', 'LEC', 'GYM104', 'BA-4D'),
('00284', 'FM 8', 'Strategic Financial Management', '19:15:00.000000', '20:15:00.000000', 'MWF', 'LEC', 'GYM103', 'BA-4E'),
('00968', 'FM 8', 'Strategic Financial Management', '18:30:00.000000', '20:00:00.000000', 'TTh', 'LEC', 'PME304', ''),
('00837', 'FM-E3', 'Financial Controllership', '14:00:00.000000', '15:00:00.000000', 'MWF', 'LEC', 'BALab', 'BA-4F'),
('00838', 'FM-E3', 'Financial Controllership', '17:00:00.000000', '18:30:00.000000', 'TTh', 'LEC', 'BALab', 'BA-4H'),
('00839', 'FM-E3', 'Financial Controllership', '18:30:00.000000', '20:00:00.000000', 'TTh', 'LEC', 'BALab', 'BA-4G'),
('00840', 'FM-E3', 'Financial Controllership', '17:15:00.000000', '18:15:00.000000', 'MWF', 'LEC', 'BALab', 'BA-4I'),
('00842', 'FM-E4', 'Feasibility Study', '18:15:00.000000', '19:15:00.000000', 'MWF', 'LEC', 'TH405', 'BA-4F'),
('00843', 'FM-E4', 'Feasibility Study', '17:00:00.000000', '18:30:00.000000', 'TTh', 'LEC', 'GH206', 'BA-4G'),
('00841', 'FM-E5', 'Franchising', '17:00:00.000000', '18:30:00.000000', 'TTh', 'LEC', 'CH302', ''),
('00849', 'FM-E5', 'Franchising', '14:00:00.000000', '15:30:00.000000', 'TTh', 'LEC', 'TH405', 'BA-4I'),
('00969', 'FM-E5', 'Franchising', '18:15:00.000000', '19:15:00.000000', 'MWF', 'LEC', 'PME302', ''),
('00243', 'HR 2', 'Training and Development', '09:00:00.000000', '10:00:00.000000', 'MWF', 'LEC', 'TH402', 'BA-3I'),
('00249', 'HR 2', 'Training and Development', '10:00:00.000000', '11:00:00.000000', 'MWF', 'LEC', 'TH402', 'BA-3I'),
('00240', 'HR 3', 'Labor Law and Legislation', '18:30:00.000000', '20:00:00.000000', 'TTh', 'LEC', 'CH201', 'BA-3I'),
('01194', 'HR 5', 'Labor Relations and Negotiations', '20:00:00.000000', '21:30:00.000000', 'TTh', 'LEC', 'GYM203', ''),
('00863', 'HR 6', 'Organizational Development', '18:15:00.000000', '19:15:00.000000', 'MWF', 'LEC', 'GYM205', 'BA-4J'),
('00862', 'HR 7', 'Compensation Administration', '17:15:00.000000', '18:15:00.000000', 'MWF', 'LEC', 'GYM104', 'BA-4J'),
('01064', 'HR 8', 'Strategic Human Resource Management', '19:15:00.000000', '20:15:00.000000', 'MWF', 'LEC', 'PH402', ''),
('00237', 'HR-E1', 'Entrepreneurial Management', '20:15:00.000000', '21:15:00.000000', 'MWF', 'LEC', 'PH203', 'BA-3I'),
('00864', 'HR-E4', 'Project Management', '18:30:00.000000', '20:00:00.000000', 'TTh', 'LEC', 'GYM202', 'BA-4J'),
('00865', 'HR-E5', 'Special Topics in Human Resource Management', '17:00:00.000000', '18:30:00.000000', 'TTh', 'LEC', 'GYM205', 'BA-4J'),
('00217', 'Humanities', 'Arts Appreciation and Aesthetics', '10:00:00.000000', '11:00:00.000000', 'MWF', 'LEC', 'J601', 'BA-3A'),
('00218', 'Humanities', 'Arts Appreciation and Aesthetics', '08:00:00.000000', '09:00:00.000000', 'MWF', 'LEC', 'J601', 'BA-3B'),
('00219', 'Humanities', 'Arts Appreciation and Aesthetics', '19:15:00.000000', '20:15:00.000000', 'MWF', 'LEC', 'GYM102', 'BA-3C'),
('00220', 'Humanities', 'Arts Appreciation and Aesthetics', '09:00:00.000000', '10:30:00.000000', 'TTh', 'LEC', 'J601', 'BA-3D'),
('00244', 'Law 1', 'Obligations and Contracts', '14:00:00.000000', '15:00:00.000000', 'MWF', 'LEC', 'J204', 'BA-3E'),
('00245', 'Law 1', 'Obligations and Contracts', '15:00:00.000000', '16:00:00.000000', 'MWF', 'LEC', 'GH206', 'BA-3F'),
('00246', 'Law 1', 'Obligations and Contracts', '17:15:00.000000', '18:15:00.000000', 'MWF', 'LEC', 'GYM206', 'BA-3G'),
('00264', 'Law 1', 'Obligations and Contracts', '13:00:00.000000', '14:00:00.000000', 'MWF', 'LEC', 'J404', 'BA-3I'),
('00299', 'Law 1a', 'Negotiable Instrument', '18:15:00.000000', '19:15:00.000000', 'MWF', 'LEC', 'CH203', 'BA-4A'),
('00301', 'Law 1a', 'Negotiable Instrument', '14:00:00.000000', '15:30:00.000000', 'TTh', 'LEC', 'J203', 'BA-4B'),
('00303', 'Law 1a', 'Negotiable Instrument', '20:00:00.000000', '21:30:00.000000', 'TTh', 'LEC', 'GH207', 'BA-4C'),
('00304', 'Law 1a', 'Negotiable Instrument', '18:30:00.000000', '20:00:00.000000', 'TTh', 'LEC', 'GYM206', 'BA-4D'),
('00306', 'Law 1a', 'Negotiable Instrument', '20:15:00.000000', '21:15:00.000000', 'MWF', 'LEC', 'J204', 'BA-4E'),
('00854', 'Law 1a', 'Negotiable Instrument', '19:15:00.000000', '20:15:00.000000', 'MWF', 'LEC', 'CH201', 'BA-4F'),
('00858', 'Law 1a', 'Negotiable Instrument', '12:00:00.000000', '15:00:00.000000', 'S', 'LEC', 'CH302', 'BA-4G'),
('00861', 'Law 1a', 'Negotiable Instrument', '15:00:00.000000', '18:00:00.000000', 'S', 'LEC', 'CH302', 'BA-4H'),
('00270', 'Lit 1', 'Philippine Literature', '09:00:00.000000', '10:30:00.000000', 'TTh', 'LEC', 'J204', 'BA-3J'),
('00868', 'Lit 2', 'World Literature', '20:15:00.000000', '21:15:00.000000', 'MWF', 'LEC', 'GYM205', 'BA-4J'),
('00160', 'Math 7', 'Mathematics of Investment', '14:00:00.000000', '15:30:00.000000', 'TTh', 'LEC', 'PME402', 'BA-2G'),
('00211', 'Math 7', 'Mathematics of Investment', '08:00:00.000000', '09:00:00.000000', 'MWF', 'LEC', 'J606', 'BA-3A'),
('00212', 'Math 7', 'Mathematics of Investment', '13:00:00.000000', '14:00:00.000000', 'MWF', 'LEC', 'PME401', 'BA-3B'),
('00213', 'Math 7', 'Mathematics of Investment', '17:00:00.000000', '18:30:00.000000', 'TTh', 'LEC', 'GYM105', 'BA-3C'),
('00214', 'Math 7', 'Mathematics of Investment', '10:30:00.000000', '12:00:00.000000', 'TTh', 'LEC', 'J605', 'BA-3D'),
('00268', 'Math 8', 'Business Statistics', '08:00:00.000000', '09:00:00.000000', 'MWF', 'LEC', 'J405', 'BA-3J'),
('00126', 'Mgt 1a', 'Human Behavior in Organization', '09:00:00.000000', '10:30:00.000000', 'TTh', 'LEC', 'J606', 'BA-2A'),
('00127', 'Mgt 1a', 'Human Behavior in Organization', '10:30:00.000000', '12:00:00.000000', 'TTh', 'LEC', 'J606', 'BA-2C'),
('00128', 'Mgt 1a', 'Human Behavior in Organization', '11:00:00.000000', '12:00:00.000000', 'MWF', 'LEC', 'J202', 'BA-2B'),
('00129', 'Mgt 1a', 'Human Behavior in Organization', '11:00:00.000000', '12:00:00.000000', 'MWF', 'LEC', 'GH206', 'BA-2D'),
('00132', 'Mgt 1a', 'Human Behavior in Organization', '14:00:00.000000', '15:00:00.000000', 'MWF', 'LEC', 'J306', 'BA-2G'),
('01137', 'Mgt 1a', 'Human Behavior in Organization', '20:15:00.000000', '21:15:00.000000', 'MWF', 'LEC', 'PH205', ''),
('01189', 'Mgt 1a', 'Human Behavior in Organization', '11:00:00.000000', '12:00:00.000000', 'MWF', 'LEC', 'BALab', ''),
('00137', 'Mgt 2', 'Human Resources Management', '09:00:00.000000', '10:00:00.000000', 'MWF', 'LEC', 'J605', 'BA-2E'),
('00199', 'Mgt 2', 'Human Resources Management', '08:00:00.000000', '09:00:00.000000', 'MWF', 'LEC', 'J605', 'BA-3E'),
('00203', 'Mgt 2', 'Human Resources Management', '09:00:00.000000', '10:00:00.000000', 'MWF', 'LEC', 'J404', 'BA-3F'),
('00241', 'Mgt 2', 'Human Resources Management', '15:00:00.000000', '16:00:00.000000', 'MWF', 'LEC', 'BALab', 'BA-3G'),
('00291', 'Mgt 2', 'Human Resources Management', '10:00:00.000000', '11:00:00.000000', 'MWF', 'LEC', 'TH404', ''),
('00637', 'Mgt 2', 'Human Resources Management', '20:00:00.000000', '21:30:00.000000', 'TTh', 'LEC', 'GYM205', ''),
('00134', 'MM 1', 'Professional Salesmanship', '18:15:00.000000', '19:15:00.000000', 'MWF', 'LEC', 'BALab', 'BA-2B'),
('00135', 'MM 1', 'Professional Salesmanship', '15:00:00.000000', '16:00:00.000000', 'MWF', 'LEC', 'J606', 'BA-2C'),
('00136', 'MM 1', 'Professional Salesmanship', '14:00:00.000000', '15:30:00.000000', 'TTh', 'LEC', 'J606', 'BA-2D'),
('01190', 'MM 1', 'Professional Salesmanship', '13:00:00.000000', '14:00:00.000000', 'MWF', 'LEC', 'PH202', ''),
('00190', 'MM 3', 'Marketing Research', '17:00:00.000000', '18:30:00.000000', 'TTh', 'LEC', 'TH405', 'BA-3A'),
('00191', 'MM 3', 'Marketing Research', '18:30:00.000000', '20:00:00.000000', 'TTh', 'LEC', 'TH405', 'BA-3B'),
('00198', 'MM 3', 'Marketing Research', '17:15:00.000000', '18:15:00.000000', 'MWF', 'LEC', 'CH201', 'BA-3D'),
('00204', 'MM 3', 'Marketing Research', '18:15:00.000000', '19:15:00.000000', 'MWF', 'LEC', 'CH201', 'BA-3C'),
('00194', 'MM 4', 'Advertising', '14:00:00.000000', '15:00:00.000000', 'MWF', 'LEC', 'J605', 'BA-3A'),
('00195', 'MM 4', 'Advertising', '18:30:00.000000', '20:00:00.000000', 'TTh', 'LEC', 'J201', 'BA-3B'),
('00215', 'MM 4', 'Advertising', '17:00:00.000000', '18:30:00.000000', 'TTh', 'LEC', 'J203', 'BA-3D'),
('00233', 'MM 4', 'Advertising', '18:30:00.000000', '20:00:00.000000', 'TTh', 'LEC', 'J601', 'BA-3C'),
('00200', 'MM 5', 'Distribution Management', '11:00:00.000000', '12:00:00.000000', 'MWF', 'LEC', 'J605', 'BA-3A'),
('00201', 'MM 5', 'Distribution Management', '17:00:00.000000', '18:30:00.000000', 'TTh', 'LEC', 'GYM206', 'BA-3B'),
('00202', 'MM 5', 'Distribution Management', '17:15:00.000000', '18:15:00.000000', 'MWF', 'LEC', 'J301', 'BA-3C'),
('00205', 'MM 5', 'Distribution Management', '18:15:00.000000', '19:15:00.000000', 'MWF', 'LEC', 'J301', 'BA-3D'),
('00965', 'MM 6', 'Marketing Management', '17:15:00.000000', '18:15:00.000000', 'MWF', 'LEC', 'GYM202', ''),
('00280', 'MM 7', 'Retail Management', '16:00:00.000000', '17:00:00.000000', 'MWF', 'LEC', 'GH207', 'BA-4A'),
('00281', 'MM 7', 'Retail Management', '20:00:00.000000', '21:30:00.000000', 'TTh', 'LEC', 'J405', 'BA-4B'),
('00282', 'MM 7', 'Retail Management', '17:15:00.000000', '18:15:00.000000', 'MWF', 'LEC', 'GYM205', 'BA-4C'),
('00967', 'MM 8', 'Strategic Marketing Management', '17:00:00.000000', '18:30:00.000000', 'TTh', 'LEC', 'PH204', ''),
('01065', 'MM 8', 'Strategic Marketing Management', '18:15:00.000000', '19:15:00.000000', 'MWF', 'LEC', 'PH402', ''),
('00290', 'MM-E2', 'International Marketing', '15:00:00.000000', '16:00:00.000000', 'MWF', 'LEC', 'PME401', 'BA-4A'),
('00292', 'MM-E2', 'International Marketing', '17:15:00.000000', '18:15:00.000000', 'MWF', 'LEC', 'TH402', 'BA-4B'),
('00295', 'MM-E2', 'International Marketing', '18:15:00.000000', '19:15:00.000000', 'MWF', 'LEC', 'CH202', 'BA-4C'),
('00296', 'MM-E2', 'International Marketing', '16:00:00.000000', '17:00:00.000000', 'MWF', 'LEC', 'PME401', 'BA-4D');
INSERT INTO `subjectoffer` (`subjectOfferNo`, `subjectCode`, `description`, `timeStart`, `timeEnd`, `day`, `leclab`, `room`, `section`) VALUES
('00307', 'MM-E2', 'International Marketing', '18:30:00.000000', '20:00:00.000000', 'TTh', 'LEC', 'GYM205', 'BA-4E'),
('00966', 'MM-E3', 'Agricultural Marketing', '17:15:00.000000', '18:15:00.000000', 'MWF', 'LEC', 'PH203', ''),
('00285', 'MM-E4', 'Feasibility Study', '11:00:00.000000', '12:00:00.000000', 'MWF', 'LEC', 'TH402', 'BA-4D'),
('00293', 'MM-E4', 'Feasibility Study', '15:00:00.000000', '16:00:00.000000', 'MWF', 'LEC', 'TH402', 'BA-4B'),
('00294', 'MM-E4', 'Feasibility Study', '17:15:00.000000', '18:15:00.000000', 'MWF', 'LEC', 'PH202', 'BA-4C'),
('01134', 'MM-E4', 'Feasibility Study', '12:00:00.000000', '15:00:00.000000', 'S', 'LEC', 'PH403', ''),
('00287', 'MM-E5', 'E-Commerce and Internet Marketing', '18:15:00.000000', '19:15:00.000000', 'MWF', 'LEC', 'CCL2', 'BA-4B'),
('00288', 'MM-E5', 'E-Commerce and Internet Marketing', '14:00:00.000000', '15:30:00.000000', 'TTh', 'LEC', 'CCL2', 'BA-4C'),
('00289', 'MM-E5', 'E-Commerce and Internet Marketing', '17:00:00.000000', '18:30:00.000000', 'TTh', 'LEC', 'CCL2', 'BA-4D'),
('00338', 'MM-E5', 'E-Commerce and Internet Marketing', '17:15:00.000000', '18:15:00.000000', 'MWF', 'LEC', 'CCL3', 'BA-4E'),
('00800', 'MM-E5', 'E-Commerce and Internet Marketing', '16:00:00.000000', '17:00:00.000000', 'MWF', 'LEC', 'CCL2', 'BA-4E'),
('00131', 'NS 2', 'Biological Science', '17:15:00.000000', '18:15:00.000000', 'MWF', 'LEC', 'PH205', 'BA-2F'),
('00151', 'NS 2', 'Biological Science', '14:00:00.000000', '15:30:00.000000', 'TTh', 'LEC', 'NSLR1', 'BA-2E'),
('00139', 'NSTP 1C', 'National Service Training Program 1 (CWTS-Non PCG)', '08:00:00.000000', '11:00:00.000000', 'S', 'LEC', 'PME303', 'BA-2G'),
('00168', 'NSTP 1C', 'National Service Training Program 1 (CWTS-Non PCG)', '08:00:00.000000', '11:00:00.000000', 'S', 'LEC', 'PME301', 'BA-2A'),
('00169', 'NSTP 1C', 'National Service Training Program 1 (CWTS-Non PCG)', '12:00:00.000000', '15:00:00.000000', 'S', 'LEC', 'PME301', 'BA-2B'),
('00170', 'NSTP 1C', 'National Service Training Program 1 (CWTS-Non PCG)', '15:00:00.000000', '18:00:00.000000', 'S', 'LEC', 'PME301', 'BA-2C'),
('00171', 'NSTP 1C', 'National Service Training Program 1 (CWTS-Non PCG)', '08:00:00.000000', '11:00:00.000000', 'S', 'LEC', 'PME302', 'BA-2D'),
('00172', 'NSTP 1C', 'National Service Training Program 1 (CWTS-Non PCG)', '12:00:00.000000', '15:00:00.000000', 'S', 'LEC', 'PME302', 'BA-2E'),
('00173', 'NSTP 1C', 'National Service Training Program 1 (CWTS-Non PCG)', '15:00:00.000000', '18:00:00.000000', 'S', 'LEC', 'PME302', 'BA-2F'),
('00174', 'PE 3', 'Individual and Dual Sports', '13:00:00.000000', '15:00:00.000000', 'M', 'LEC', 'AREAA', 'BA-2A'),
('00175', 'PE 3', 'Individual and Dual Sports', '15:00:00.000000', '17:00:00.000000', 'M', 'LEC', 'AREAA', 'BA-2B'),
('00176', 'PE 3', 'Individual and Dual Sports', '10:00:00.000000', '12:00:00.000000', 'mM', 'LEC', 'AREAA', 'BA-2C'),
('00177', 'PE 3', 'Individual and Dual Sports', '13:00:00.000000', '15:00:00.000000', 'W', 'LEC', 'AREAA', 'BA-2D'),
('00178', 'PE 3', 'Individual and Dual Sports', '13:00:00.000000', '15:00:00.000000', 'F', 'LEC', 'AREAA', 'BA-2E'),
('00179', 'PE 3', 'Individual and Dual Sports', '15:00:00.000000', '17:00:00.000000', 'W', 'LEC', 'AREAA', 'BA-2F'),
('00180', 'PE 3', 'Individual and Dual Sports', '13:00:00.000000', '15:00:00.000000', 'S', 'LEC', 'GYM102', 'BA-2G'),
('00271', 'Philo 1', 'Logic', '09:00:00.000000', '10:00:00.000000', 'MWF', 'LEC', 'J306', 'BA-3J'),
('00260', 'Philo 2', 'Ethics', '07:30:00.000000', '09:00:00.000000', 'TTh', 'LEC', 'J404', 'BA-3I'),
('00147', 'Pol Sci 1', 'Politics and Governance with Philippine Constitution', '12:30:00.000000', '14:00:00.000000', 'TTh', 'LEC', 'J606', 'BA-2A'),
('00148', 'Pol Sci 1', 'Politics and Governance with Philippine Constitution', '09:00:00.000000', '10:30:00.000000', 'TTh', 'LEC', 'J605', 'BA-2B'),
('00149', 'Pol Sci 1', 'Politics and Governance with Philippine Constitution', '17:00:00.000000', '18:30:00.000000', 'TTh', 'LEC', 'PME301', 'BA-2C'),
('00150', 'Pol Sci 1', 'Politics and Governance with Philippine Constitution', '15:00:00.000000', '16:00:00.000000', 'MWF', 'LEC', 'GH207', 'BA-2D'),
('00250', 'Pol Sci 1', 'Politics and Governance with Philippine Constitution', '10:30:00.000000', '12:00:00.000000', 'TTh', 'LEC', 'J306', 'BA-3E'),
('00251', 'Pol Sci 1', 'Politics and Governance with Philippine Constitution', '18:15:00.000000', '19:15:00.000000', 'MWF', 'LEC', 'PME304', 'BA-3F'),
('00252', 'Pol Sci 1', 'Politics and Governance with Philippine Constitution', '18:15:00.000000', '19:15:00.000000', 'MWF', 'LEC', 'GYM103', 'BA-3G'),
('00873', 'Prac', 'Practicum', '09:00:00.000000', '10:30:00.000000', 'S', 'LEC', 'BALab', 'BA-4L'),
('00874', 'Prac', 'Practicum', '10:30:00.000000', '12:00:00.000000', 'S', 'LEC', 'BALab', 'BA-4L'),
('00875', 'Prac', 'Practicum', '13:30:00.000000', '15:00:00.000000', 'S', 'LEC', 'BALab', 'BA-4L'),
('00877', 'Prac', 'Practicum', '14:30:00.000000', '16:00:00.000000', 'S', 'LEC', 'GYM206', 'BA-4M'),
('00878', 'Prac', 'Practicum', '16:00:00.000000', '17:30:00.000000', 'S', 'LEC', 'BALab', 'BA-4M'),
('00964', 'Prac', 'Practicum', '12:00:00.000000', '13:30:00.000000', 'S', 'LEC', 'GYM206', ''),
('00152', 'Psych 1', 'General Psychology', '19:15:00.000000', '20:15:00.000000', 'MWF', 'LEC', 'GYM205', 'BA-2F'),
('00161', 'Re Ed 3', 'The Church', '10:00:00.000000', '11:00:00.000000', 'MWF', 'LEC', 'J404', 'BA-2A'),
('00162', 'Re Ed 3', 'The Church', '09:00:00.000000', '10:00:00.000000', 'MWF', 'LEC', 'J203', 'BA-2B'),
('00163', 'Re Ed 3', 'The Church', '18:30:00.000000', '20:00:00.000000', 'TTh', 'LEC', 'GYM102', 'BA-2C'),
('00164', 'Re Ed 3', 'The Church', '16:00:00.000000', '17:00:00.000000', 'MWF', 'LEC', 'J606', 'BA-2D'),
('00165', 'Re Ed 3', 'The Church', '15:00:00.000000', '16:00:00.000000', 'MWF', 'LEC', 'J203', 'BA-2E'),
('00166', 'Re Ed 3', 'The Church', '18:15:00.000000', '19:15:00.000000', 'MWF', 'LEC', 'GYM102', 'BA-2F'),
('00167', 'Re Ed 3', 'The Church', '17:00:00.000000', '18:30:00.000000', 'TTh', 'LEC', 'GYM104', 'BA-2G'),
('00229', 'Re Ed 5', 'Liturgy and Sacraments', '20:00:00.000000', '21:30:00.000000', 'TTh', 'LEC', 'GYM102', 'BA-3A'),
('00230', 'Re Ed 5', 'Liturgy and Sacraments', '10:00:00.000000', '11:00:00.000000', 'MWF', 'LEC', 'J605', 'BA-3B'),
('00231', 'Re Ed 5', 'Liturgy and Sacraments', '20:15:00.000000', '21:15:00.000000', 'MWF', 'LEC', 'GYM102', 'BA-3C'),
('00232', 'Re Ed 5', 'Liturgy and Sacraments', '16:00:00.000000', '17:00:00.000000', 'MWF', 'LEC', 'J601', 'BA-3D'),
('00234', 'Re Ed 5', 'Liturgy and Sacraments', '07:30:00.000000', '09:00:00.000000', 'TTh', 'LEC', 'J605', 'BA-3E'),
('00256', 'Re Ed 5', 'Liturgy and Sacraments', '12:30:00.000000', '14:00:00.000000', 'TTh', 'LEC', 'PME402', 'BA-3G'),
('00257', 'Re Ed 5', 'Liturgy and Sacraments', '09:00:00.000000', '10:30:00.000000', 'TTh', 'LEC', 'J306', 'BA-3F'),
('00273', 'Re Ed 5', 'Liturgy and Sacraments', '10:30:00.000000', '12:00:00.000000', 'TTh', 'LEC', 'J404', 'BA-3I'),
('00274', 'Re Ed 5', 'Liturgy and Sacraments', '11:00:00.000000', '12:00:00.000000', 'MWF', 'LEC', 'J404', 'BA-3J'),
('00867', 'Rizal C', 'Life, Works and Writing of Rizal', '20:00:00.000000', '21:30:00.000000', 'TTh', 'LEC', 'GYM206', 'BA-4J'),
('00153', 'Socio 1', 'Society and Culture with Family Planning', '15:00:00.000000', '16:00:00.000000', 'MWF', 'LEC', 'J201', 'BA-2G'),
('00298', 'Socio 1', 'Society and Culture with Family Planning', '08:00:00.000000', '09:00:00.000000', 'MWF', 'LEC', 'J301', 'BA-4A'),
('00300', 'Socio 1', 'Society and Culture with Family Planning', '18:30:00.000000', '20:00:00.000000', 'TTh', 'LEC', 'GYM105', 'BA-4B'),
('00302', 'Socio 1', 'Society and Culture with Family Planning', '10:30:00.000000', '12:00:00.000000', 'TTh', 'LEC', 'J405', 'BA-4C'),
('00305', 'Socio 1', 'Society and Culture with Family Planning', '10:00:00.000000', '11:00:00.000000', 'MWF', 'LEC', 'J401', 'BA-4D'),
('00855', 'SS 3', 'Personality Development and Public Relations', '12:30:00.000000', '14:00:00.000000', 'TTh', 'LEC', 'CH302', 'BA-4F'),
('00856', 'SS 3', 'Personality Development and Public Relations', '20:15:00.000000', '21:15:00.000000', 'MWF', 'LEC', 'CH201', 'BA-4G'),
('00859', 'SS 3', 'Personality Development and Public Relations', '11:00:00.000000', '12:00:00.000000', 'MWF', 'LEC', 'J601', 'BA-4H'),
('00206', 'Tax 1', 'Income Taxation', '13:00:00.000000', '14:00:00.000000', 'MWF', 'LEC', 'J503', 'BA-3A'),
('00207', 'Tax 1', 'Income Taxation', '14:00:00.000000', '15:30:00.000000', 'TTh', 'LEC', 'J204', 'BA-3B'),
('00208', 'Tax 1', 'Income Taxation', '12:30:00.000000', '14:00:00.000000', 'TTh', 'LEC', 'J204', 'BA-3C'),
('00209', 'Tax 1', 'Income Taxation', '19:15:00.000000', '20:15:00.000000', 'MWF', 'LEC', 'PH203', 'BA-3D'),
('00210', 'Tax 1', 'Income Taxation', '15:00:00.000000', '16:00:00.000000', 'MWF', 'LEC', 'J404', 'BA-3E'),
('00247', 'Tax 1', 'Income Taxation', '14:00:00.000000', '15:00:00.000000', 'MWF', 'LEC', 'J606', 'BA-3G'),
('00248', 'Tax 1', 'Income Taxation', '20:00:00.000000', '21:30:00.000000', 'TTh', 'LEC', 'CH303', 'BA-3F'),
('00262', 'Tax 1', 'Income Taxation', '20:15:00.000000', '21:15:00.000000', 'MWF', 'LEC', 'J405', 'BA-3I'),
('00853', 'Tax 2', 'Business and Other Taxes', '15:00:00.000000', '16:00:00.000000', 'MWF', 'LEC', 'PME501', 'BA-4F'),
('00857', 'Tax 2', 'Business and Other Taxes', '15:00:00.000000', '18:00:00.000000', 'S', 'LEC', 'J604', 'BA-4G'),
('00860', 'Tax 2', 'Business and Other Taxes', '18:00:00.000000', '21:00:00.000000', 'S', 'LEC', 'J604', 'BA-4H'),
('00433', 'CA 1C', 'Institutional Corrections', '18:30:00.000000', '20:00:00.000000', 'TTh', 'LEC', 'PH201', 'Crim-3c'),
('00747', 'CA 1C', 'Institutional Corrections', '07:30:00.000000', '09:00:00.000000', 'TTh', 'LEC', 'PH401', 'Crim-3a'),
('00749', 'CA 1C', 'Institutional Corrections', '14:00:00.000000', '15:30:00.000000', 'TTh', 'LEC', 'CrimSLab', 'Crim-3b'),
('00374', 'CDI 1', 'Fundamentals of Criminal Investigation', '17:00:00.000000', '18:30:00.000000', 'TTh', 'LEC', 'PH201', 'Crim-3c'),
('00750', 'CDI 1', 'Fundamentals of Criminal Investigation', '14:00:00.000000', '15:00:00.000000', 'MWF', 'LEC', 'CrimSLab', 'Crim-3a'),
('00751', 'CDI 1', 'Fundamentals of Criminal Investigation', '10:30:00.000000', '12:00:00.000000', 'TTh', 'LEC', 'CrimSLab', 'Crim-3b'),
('00431', 'CDI 5', 'Drug Education and Vice Control', '20:00:00.000000', '21:30:00.000000', 'TTh', 'LEC', 'CH405', 'Crim-4c'),
('00498', 'CDI 5', 'Drug Education and Vice Control', '12:30:00.000000', '14:00:00.000000', 'TTh', 'LEC', 'CH405', 'Crim-4c'),
('00771', 'CDI 5', 'Drug Education and Vice Control', '13:00:00.000000', '14:00:00.000000', 'MWF', 'LEC', 'CrimSLab', 'Crim-4a'),
('00438', 'CDI 6', 'Fire Prevention and Arson Investigation', '19:15:00.000000', '20:15:00.000000', 'MWF', 'LEC', 'PH202', 'Crim-4c'),
('00487', 'CDI 6', 'Fire Prevention and Arson Investigation', '20:15:00.000000', '21:15:00.000000', 'MWF', 'LEC', 'CrimSLab', 'Crim-4c'),
('00780', 'CDI 6', 'Fire Prevention and Arson Investigation', '10:30:00.000000', '12:00:00.000000', 'TTh', 'LEC', 'PH401', 'Crim-4a'),
('00753', 'CLJ 2', 'Criminal Law (Book 2)', '18:30:00.000000', '20:00:00.000000', 'TTh', 'LEC', 'CrimSLab', 'Crim-3a'),
('00754', 'CLJ 2', 'Criminal Law (Book 2)', '20:00:00.000000', '21:30:00.000000', 'TTh', 'LEC', 'CH202', 'Crim-3b'),
('00903', 'CLJ 2', 'Criminal Law (Book 2)', '18:15:00.000000', '19:15:00.000000', 'MWF', 'LEC', 'CH405', 'Crim-3c'),
('00382', 'CLJ 5', 'Court Testimony', '20:00:00.000000', '21:30:00.000000', 'TTh', 'LEC', 'PH201', 'Crim-4c'),
('00432', 'CLJ 5', 'Court Testimony', '19:15:00.000000', '20:15:00.000000', 'MWF', 'LEC', 'PH201', 'Crim-4c'),
('00773', 'CLJ 5', 'Court Testimony', '18:15:00.000000', '19:15:00.000000', 'MWF', 'LEC', 'PH403', 'Crim-4a'),
('00440', 'Crim 6', 'Criminology Research and Statistics', '13:00:00.000000', '16:00:00.000000', 'S', 'LEC', 'CH405', 'Crim-4c'),
('00472', 'Crim 6', 'Criminology Research and Statistics', '16:00:00.000000', '19:00:00.000000', 'S', 'LEC', 'CH405', 'Crim-4c'),
('00775', 'Crim 6', 'Criminology Research and Statistics', '08:00:00.000000', '11:00:00.000000', 'S', 'LEC', 'CrimSLab', 'Crim-4a'),
('00444', 'Crimtic 2', 'Police Photography', '19:15:00.000000', '21:15:00.000000', 'MWF', 'LEC', 'CH405', 'Crim-3c'),
('00756', 'Crimtic 2', 'Police Photography', '12:30:00.000000', '15:30:00.000000', 'TTh', 'LEC', 'PH401', 'Crim-3a'),
('00757', 'Crimtic 2', 'Police Photography', '13:00:00.000000', '15:00:00.000000', 'MWF', 'LEC', 'PH401', 'Crim-3b'),
('00457', 'Crimtic 3', 'Forensic Ballistics', '15:00:00.000000', '17:00:00.000000', 'MWF', 'LEC', 'CH405', 'Crim-3c'),
('00759', 'Crimtic 3', 'Forensic Ballistics', '08:00:00.000000', '10:00:00.000000', 'MWF', 'LEC', 'CrimSLab', 'Crim-3a'),
('00760', 'Crimtic 3', 'Forensic Ballistics', '10:00:00.000000', '12:00:00.000000', 'MWF', 'LEC', 'CrimSLab', 'Crim-3b'),
('00443', 'Crimtic 4', 'Questioned Documents Examination', '17:00:00.000000', '20:00:00.000000', 'TTh', 'LEC', 'CH405', 'Crim-3c'),
('00762', 'Crimtic 4', 'Questioned Documents Examination', '15:00:00.000000', '17:00:00.000000', 'MWF', 'LEC', 'PH401', 'Crim-3a'),
('00763', 'Crimtic 4', 'Questioned Documents Examination', '17:15:00.000000', '19:15:00.000000', 'MWF', 'LEC', 'CrimSLab', 'Crim-3b'),
('00441', 'Crimtic 6', 'Legal Medicine', '18:30:00.000000', '20:00:00.000000', 'TTh', 'LEC', 'PH203', 'Crim-4c'),
('00455', 'Crimtic 6', 'Legal Medicine', '20:15:00.000000', '21:15:00.000000', 'MWF', 'LEC', 'CH303', 'Crim-4c'),
('00777', 'Crimtic 6', 'Legal Medicine', '19:15:00.000000', '20:15:00.000000', 'MWF', 'LEC', 'PH205', 'Crim-4a'),
('00437', 'Def Tac 5', 'Driving Course', '10:00:00.000000', '12:00:00.000000', 'mT', 'LEC', 'PME303', 'Crim-4c'),
('00460', 'Def Tac 5', 'Driving Course', '15:00:00.000000', '17:00:00.000000', 'T', 'LEC', 'PME302', 'Crim-4c'),
('00779', 'Def Tac 5', 'Driving Course', '13:00:00.000000', '15:00:00.000000', 'S', 'LEC', 'CrimSLab', 'Crim-4a'),
('00452', 'LEA 5', 'Police Personnel and Records Management', '17:00:00.000000', '18:30:00.000000', 'TTh', 'LEC', 'CrimSLab', 'Crim-3c'),
('00765', 'LEA 5', 'Police Personnel and Records Management', '19:15:00.000000', '20:15:00.000000', 'MWF', 'LEC', 'CrimSLab', 'Crim-3a'),
('00781', 'LEA 6', 'Comparative Policy System', '09:00:00.000000', '10:30:00.000000', 'TTh', 'LEC', 'PH401', 'Crim-4a'),
('00458', 'LEA 6a', 'Comparative Police System', '20:15:00.000000', '21:15:00.000000', 'MWF', 'LEC', 'PH201', 'Crim-4c'),
('00459', 'LEA 6a', 'Comparative Police System', '18:15:00.000000', '19:15:00.000000', 'MWF', 'LEC', 'PH201', 'Crim-4c'),
('00836', 'Practicum 1 & 2', 'On the Job Training and Community Immersion', '08:00:00.000000', '17:00:00.000000', 'MTWThFS', 'LEC', 'Field', 'Crim-4c'),
('00783', 'Pre-Review', 'Pre-Review Course', '18:00:00.000000', '21:00:00.000000', 'MTWThF', 'LEC', '', 'Crim-4c'),
('00784', 'Pre-Review', 'Pre-Review Course', '18:00:00.000000', '21:00:00.000000', 'MTWThF', 'LEC', 'PH401', 'Crim-4c'),
('00456', 'Re Ed 5', 'Liturgy and Sacraments', '13:00:00.000000', '14:00:00.000000', 'MWF', 'LEC', 'PH203', 'Crim-3c'),
('00768', 'Re Ed 5', 'Liturgy and Sacraments', '19:15:00.000000', '20:15:00.000000', 'MWF', 'LEC', 'GYM105', 'Crim-3b'),
('00769', 'Re Ed 5', 'Liturgy and Sacraments', '11:00:00.000000', '12:00:00.000000', 'MWF', 'LEC', 'CH303', 'Crim-3a'),
('01042', 'Engl 4', 'Business English Correspondence and Technical Writing', '18:15:00.000000', '19:15:00.000000', 'MWF', 'LEC', 'PME405', 'BLIS-3A'),
('01034', 'LIS 1', 'Introduction to Library Information Science', '15:00:00.000000', '18:00:00.000000', 'S', 'LEC', 'GH206', 'BLIS-1A'),
('01037', 'LIS 10', 'Indexing and Abstracting', '16:00:00.000000', '17:00:00.000000', 'MWF', 'LEC', 'J304', 'BLIS-3A'),
('01038', 'LIS 11', 'Information Technology II', '18:30:00.000000', '20:00:00.000000', 'TTh', 'LEC', 'PH403', 'BLIS-3A'),
('01039', 'LIS 12', 'Academic Libraries', '19:15:00.000000', '20:15:00.000000', 'MWF', 'LEC', 'J305', 'BLIS-3A'),
('01040', 'LIS 13', 'Special Materials', '20:15:00.000000', '21:15:00.000000', 'MWF', 'LEC', 'J305', 'BLIS-3A'),
('01041', 'LIS 14', 'Collection Management in Academic Libraries', '17:00:00.000000', '18:30:00.000000', 'TTh', 'LEC', 'J304', 'BLIS-3A'),
('01044', 'LIS 20', 'Information Sources and Services in Academic Libraries', '12:00:00.000000', '15:00:00.000000', 'S', 'LEC', 'CH202', 'BLIS-4A'),
('01045', 'LIS 21', 'Library and Information Management in Academic Librari', '18:30:00.000000', '20:00:00.000000', 'TTh', 'LEC', 'PH402', 'BLIS-4A'),
('01046', 'LIS 22', 'Research Methods in Library and Information Science 2', '17:00:00.000000', '18:30:00.000000', 'TTh', 'LEC', 'TH403', 'BLIS-4A'),
('01047', 'LIS 23', 'Library Internship: IN-CAMPUS Training', '17:15:00.000000', '18:15:00.000000', 'MWF', 'LEC', 'J305', 'BLIS-4A'),
('01035', 'LIS 4', 'Organization and Information Sources I', '18:15:00.000000', '19:15:00.000000', 'MWF', 'LEC', 'J305', 'BLIS-2A'),
('01036', 'LIS 5', 'Library and Information Management', '12:00:00.000000', '15:00:00.000000', 'S', 'LEC', 'CH201', 'BLIS-2A'),
('01048', 'NS 2', 'Environmental Science', '19:15:00.000000', '20:15:00.000000', 'MWF', 'LEC', 'PH206', 'BLIS-4A'),
('01043', 'Re Ed 5', 'Liturgy and Sacraments', '20:00:00.000000', '21:30:00.000000', 'TTh', 'LEC', 'PH202', 'BLIS-3A'),
('01049', 'Rizal', 'Life, Works and Writings of Rizal', '14:00:00.000000', '15:30:00.000000', 'TTh', 'LEC', 'J304', 'BLIS-4A'),
('01050', 'Socio 1', 'Society and Culture with Family Planning', '07:30:00.000000', '09:00:00.000000', 'TTh', 'LEC', 'J401', 'BLIS-4A'),
('01126', 'FI 1', 'Practice with Individuals, Families and Small Groups (500', '08:00:00.000000', '15:00:00.000000', 'S', 'LEC', 'GYM105', 'SW-4A'),
('01127', 'FI 1', 'Practice with Individuals, Families and Small Groups (500', '08:00:00.000000', '15:00:00.000000', 'S', 'LEC', 'GYM201', 'SW-4B'),
('01128', 'FI 1', 'Practice with Individuals, Families and Small Groups (500', '08:00:00.000000', '15:00:00.000000', 'S', 'LEC', 'GYM202', 'SW-4C'),
('01129', 'FI 1', 'Practice with Individuals, Families and Small Groups (500', '08:00:00.000000', '15:00:00.000000', 'S', 'LEC', 'GYM203', 'SW-4C'),
('01124', 'FI 2', 'Practice with Larger Groups and Communities (500 Hour', '08:00:00.000000', '15:00:00.000000', 'S', 'LEC', 'GYM103', 'SW-4A'),
('01125', 'FI 2', 'Practice with Larger Groups and Communities (500 Hour', '08:00:00.000000', '15:00:00.000000', 'S', 'LEC', 'GYM104', 'SW-4B'),
('01099', 'Lit 2', 'World Literature', '09:00:00.000000', '10:00:00.000000', 'MWF', 'LEC', 'J202', 'SW-3A'),
('01110', 'Lit 2', 'World Literature', '18:30:00.000000', '20:00:00.000000', 'TTh', 'LEC', 'PME405', 'SW-3B'),
('01101', 'NS 1', 'Earth Science', '11:00:00.000000', '12:00:00.000000', 'MWF', 'LEC', 'PH203', 'SW-3A'),
('01109', 'NS 1', 'Earth Science', '09:00:00.000000', '10:30:00.000000', 'TTh', 'LEC', 'J604', 'SW-3B'),
('01121', 'PB 1', 'Pre-Board Review: HB and SW', '09:00:00.000000', '12:00:00.000000', 'mM', 'LEC', 'SWLab', 'SW-4A'),
('01123', 'PB 1', 'Pre-Board Review: HB and SW', '09:00:00.000000', '12:00:00.000000', 'mF', 'LEC', 'SWLab', 'SW-4B'),
('01130', 'PB 2', 'Pre-Board Review: Methods and Practice', '15:00:00.000000', '18:00:00.000000', 'S', 'LEC', 'J605', 'SW-4C'),
('01100', 'Philo 1', 'Logic', '10:00:00.000000', '11:00:00.000000', 'MWF', 'LEC', 'GH207', 'SW-3A'),
('01111', 'Philo 1', 'Logic', '12:30:00.000000', '14:00:00.000000', 'TTh', 'LEC', 'PH403', 'SW-3B'),
('01118', 'PS 1', 'Social Welfare Programs and Services', '08:00:00.000000', '11:00:00.000000', 'S', 'LEC', 'SWLab', 'SW-3B'),
('01102', 'PS 2', 'Social Welfare Project Development and Management', '14:00:00.000000', '15:00:00.000000', 'MWF', 'LEC', 'CH302', 'SW-3A'),
('01114', 'PS 2', 'Social Welfare Project Development and Management', '09:00:00.000000', '10:30:00.000000', 'TTh', 'LEC', 'PH407', 'SW-3B'),
('01116', 'PS 2', 'Social Welfare Project Development and Management', '10:30:00.000000', '12:00:00.000000', 'TTh', 'LEC', 'CH405', 'SW-3B'),
('01107', 'PS 3', 'Social Work Statistics', '12:30:00.000000', '14:00:00.000000', 'TTh', 'LEC', 'SWLab', 'SW-3A'),
('01120', 'PS 3', 'Social Work Statistics', '14:00:00.000000', '15:30:00.000000', 'TTh', 'LEC', 'SWLab', 'SW-3B'),
('01112', 'PS 6', 'Social Work Research I', '17:00:00.000000', '18:30:00.000000', 'TTh', 'LEC', 'SWLab', 'SW-3B'),
('01133', 'PS 7', 'Social Work Research II', '12:00:00.000000', '15:00:00.000000', 'S', 'LEC', 'CH203', 'SW-4C'),
('01098', 'Re Ed 5', 'Liturgy and Sacraments', '08:00:00.000000', '09:00:00.000000', 'MWF', 'LEC', 'PME401', 'SW-3A'),
('01113', 'Re Ed 5', 'Liturgy and Sacraments', '09:00:00.000000', '10:30:00.000000', 'TTh', 'LEC', 'PME405', 'SW-3B'),
('01104', 'SW 1', 'Knowledge & Philos&qoute;l Found of the Social Work Professio', '11:00:00.000000', '12:00:00.000000', 'MWF', 'LEC', 'TH403', 'SW-3A'),
('01105', 'SW 5', 'Social Work Practice with Individuals and Families', '13:00:00.000000', '14:00:00.000000', 'MWF', 'LEC', 'SWLab', 'SW-3A'),
('01117', 'SW 5', 'Social Work Practice with Individuals and Families', '16:00:00.000000', '17:00:00.000000', 'MWF', 'LEC', 'SWLab', 'SW-3B'),
('01119', 'SW 5', 'Social Work Practice with Individuals and Families', '14:00:00.000000', '15:00:00.000000', 'MWF', 'LEC', 'SWLab', 'SW-3B'),
('01103', 'SW 6', 'Social Work Practice with Groups', '15:00:00.000000', '16:00:00.000000', 'MWF', 'LEC', 'SWLab', 'SW-3A'),
('01108', 'SW 6', 'Social Work Practice with Groups', '09:00:00.000000', '10:30:00.000000', 'TTh', 'LEC', 'SWLab', 'SW-3B'),
('01115', 'SW 6', 'Social Work Practice with Groups', '10:30:00.000000', '12:00:00.000000', 'TTh', 'LEC', 'SWLab', 'SW-3B'),
('01106', 'SW 7', 'Social Work Practice with Community', '17:15:00.000000', '18:15:00.000000', 'MWF', 'LEC', 'SWLab', 'SW-3A'),
('01122', 'SW 8', 'Seminar on Current Trends in Social Work Practice', '17:00:00.000000', '20:00:00.000000', 'S', 'LEC', 'GH207', 'SW-4A'),
('01080', 'CA 1', 'Principles of Customs Administration', '08:00:00.000000', '09:00:00.000000', 'MWF', 'LEC', 'PH407', 'CA-2A'),
('01077', 'CA 10', 'Practicum 2', '09:00:00.000000', '12:00:00.000000', 'S', 'LEC', 'J504', 'CA-4D'),
('01082', 'CA 2', 'The Relationship of Customs to International Trade', '07:30:00.000000', '09:00:00.000000', 'TTh', 'LEC', 'PME303', 'CA-2B'),
('01083', 'CA 3', 'Cargo Handling, Port Operation and Law on Common Ca', '09:00:00.000000', '10:00:00.000000', 'MTWThF', 'LEC', 'PME404', 'CA-2B'),
('01084', 'CA 4', 'Freight Forwarding & Non - Vessel Operating Common C', '10:00:00.000000', '11:00:00.000000', 'MWF', 'LEC', 'PME303', 'CA-2B'),
('00876', 'CA 5', 'Warehousing in General', '13:00:00.000000', '14:30:00.000000', 'TTh', 'LEC', 'J504', 'CA-3C'),
('01053', 'CA 5', 'Warehousing in General', '13:00:00.000000', '14:30:00.000000', 'MW', 'LEC', 'J504', 'CA-3A'),
('01060', 'CA 5', 'Warehousing in General', '10:30:00.000000', '12:00:00.000000', 'mMW', 'LEC', 'PH403', 'CA-3B'),
('01070', 'CA 7', 'Forms, Doc, Customs Proc, Prac & Customs Brok Opera', '18:15:00.000000', '20:45:00.000000', 'MW', 'LEC', 'J504', 'CA-4A'),
('01073', 'CA 7', 'Forms, Doc, Customs Proc, Prac & Customs Brok Opera', '18:30:00.000000', '21:00:00.000000', 'TTh', 'LEC', 'J504', 'CA-4B'),
('01074', 'CA 7', 'Forms, Doc, Customs Proc, Prac & Customs Brok Opera', '13:00:00.000000', '18:00:00.000000', 'S', 'LEC', 'J504', 'CA-4C'),
('01075', 'CA 8', 'Ethics in Customs Brokers Profession', '16:00:00.000000', '17:00:00.000000', 'MWF', 'LEC', 'J504', 'CA-4D'),
('01076', 'CA 9', 'Practicum 1', '17:15:00.000000', '18:15:00.000000', 'MTWThF', 'LEC', 'J504', 'CA-4D'),
('00817', 'Engl 3a', 'Business Communication', '20:15:00.000000', '21:15:00.000000', 'MWF', 'LEC', 'CH203', 'CA-3B'),
('01055', 'Engl 3a', 'Business Communication', '09:00:00.000000', '10:30:00.000000', 'TTh', 'LEC', 'PME304', 'CA-3A'),
('01067', 'Engl 3a', 'Business Communication', '08:00:00.000000', '09:00:00.000000', 'MWF', 'LEC', 'J404', 'CA-3C'),
('00341', 'Law 1', 'Obligations and Contracts', '20:00:00.000000', '21:30:00.000000', 'TTh', 'LEC', 'PME304', 'CA-3B'),
('01057', 'Law 1', 'Obligations and Contracts', '20:00:00.000000', '21:30:00.000000', 'TTh', 'LEC', 'PH203', 'CA-3A'),
('01069', 'Law 1', 'Obligations and Contracts', '12:00:00.000000', '15:00:00.000000', 'S', 'LEC', 'J604', 'CA-3C'),
('01089', 'Law 3', 'Negotiable Instruments and Warehousing Receipts', '20:00:00.000000', '21:30:00.000000', 'TTh', 'LEC', 'PH204', 'CA-4A'),
('01093', 'Law 3', 'Negotiable Instruments and Warehousing Receipts', '19:15:00.000000', '20:15:00.000000', 'MWF', 'LEC', 'PH403', 'CA-4B'),
('01097', 'Law 3', 'Negotiable Instruments and Warehousing Receipts', '20:15:00.000000', '21:15:00.000000', 'MWF', 'LEC', 'GYM204', 'CA-4C'),
('00400', 'Math 8', 'Business Statistics', '18:30:00.000000', '20:00:00.000000', 'TTh', 'LEC', 'PME401', 'CA-3B'),
('01056', 'Math 8', 'Business Statistics', '10:30:00.000000', '12:00:00.000000', 'TTh', 'LEC', 'PME304', 'CA-3A'),
('01068', 'Math 8', 'Business Statistics', '11:00:00.000000', '12:00:00.000000', 'MWF', 'LEC', 'J405', 'CA-3C'),
('01062', 'Mgt 2', 'Human Resources Management', '14:00:00.000000', '15:00:00.000000', 'MWF', 'LEC', 'TH405', ''),
('01193', 'Mgt 2', 'Human Resources Management', '20:00:00.000000', '21:30:00.000000', 'TTh', 'LEC', 'GYM204', ''),
('01192', 'Mktg 1', 'Principles of Marketing', '15:00:00.000000', '16:00:00.000000', 'MWF', 'LEC', 'PME301', ''),
('01088', 'Pol Sci 1', 'Politics and Governance with Philippine Constitution', '17:00:00.000000', '18:30:00.000000', 'TTh', 'LEC', 'J606', 'CA-4A'),
('01092', 'Pol Sci 1', 'Politics and Governance with Philippine Constitution', '20:15:00.000000', '21:15:00.000000', 'MWF', 'LEC', 'PH202', 'CA-4B'),
('01096', 'Pol Sci 1', 'Politics and Governance with Philippine Constitution', '19:15:00.000000', '20:15:00.000000', 'MWF', 'LEC', 'PME303', 'CA-4C'),
('00130', 'Re Ed 5', 'Liturgy and Sacraments', '17:00:00.000000', '18:30:00.000000', 'TTh', 'LEC', 'GYM202', 'CA-3B'),
('01054', 'Re Ed 5', 'Liturgy and Sacraments', '17:00:00.000000', '18:30:00.000000', 'TTh', 'LEC', 'PH205', 'CA-3A'),
('01066', 'Re Ed 5', 'Liturgy and Sacraments', '09:00:00.000000', '10:00:00.000000', 'MWF', 'LEC', 'J405', 'CA-3C'),
('01086', 'Rizal C', 'Life, Works and Writing of Rizal', '10:30:00.000000', '12:00:00.000000', 'TTh', 'LEC', 'PH407', 'CA-4A'),
('01090', 'Rizal C', 'Life, Works and Writing of Rizal', '14:00:00.000000', '15:00:00.000000', 'MWF', 'LEC', 'J202', 'CA-4B'),
('01094', 'Rizal C', 'Life, Works and Writing of Rizal', '16:00:00.000000', '17:00:00.000000', 'MWF', 'LEC', 'TH404', 'CA-4C'),
('01087', 'Socio 1', 'Society and Culture with Family Planning', '12:30:00.000000', '14:00:00.000000', 'TTh', 'LEC', 'J605', 'CA-4A'),
('01091', 'Socio 1', 'Society and Culture with Family Planning', '13:00:00.000000', '14:00:00.000000', 'MWF', 'LEC', 'TH405', 'CA-4B'),
('01095', 'Socio 1', 'Society and Culture with Family Planning', '17:15:00.000000', '18:15:00.000000', 'MWF', 'LEC', 'GYM204', 'CA-4C'),
('01081', 'TA 1', 'The Philippine Tariff System and its Principles', '07:30:00.000000', '09:00:00.000000', 'TTh', 'LEC', 'PME304', 'CA-2A'),
('01085', 'TA 2', 'Classification, Examination & Appraisal of Imported Article', '08:00:00.000000', '09:00:00.000000', 'MWF', 'LEC', 'PME304', 'CA-2B'),
('00297', 'TA 3', 'Basis of Dutiable Value', '07:30:00.000000', '10:00:00.000000', 'TTh', 'LEC', 'J504', 'CA-3C'),
('01051', 'TA 3', 'Basis of Dutiable Value', '07:30:00.000000', '10:00:00.000000', 'mMW', 'LEC', 'J504', 'CA-3A'),
('01058', 'TA 3', 'Basis of Dutiable Value', '13:00:00.000000', '15:30:00.000000', 'MW', 'LEC', 'CH303', 'CA-3B'),
('00286', 'TA 4', 'Import Taxation', '10:00:00.000000', '12:30:00.000000', 'TTh', 'LEC', 'J504', 'CA-3C'),
('01052', 'TA 4', 'Import Taxation', '10:00:00.000000', '12:30:00.000000', 'mMW', 'LEC', 'J504', 'CA-3A'),
('01059', 'TA 4', 'Import Taxation', '15:30:00.000000', '18:00:00.000000', 'MW', 'LEC', 'PH403', 'CA-3B'),
('01061', 'TA 5', 'Liquidation of Import Duties', '17:00:00.000000', '19:30:00.000000', 'MW', 'LEC', 'PME401', 'CA-3B'),
('01071', 'TA 6', 'Special Duties, Flexible Clause and Other Trade Agreeme', '15:30:00.000000', '18:00:00.000000', 'MW', 'LEC', 'PH407', 'CA-4A'),
('01072', 'TA 6', 'Special Duties, Flexible Clause and Other Trade Agreeme', '15:30:00.000000', '18:00:00.000000', 'TTh', 'LEC', 'PME402', 'CA-4B'),
('01132', 'TA 6', 'Special Duties, Flexible Clause and Other Trade Agreeme', '07:00:00.000000', '12:00:00.000000', 'S', 'LEC', 'GH206', 'CA-4C'),
('01078', 'TA 7', 'Tariff Laws and Jurisprudence', '18:30:00.000000', '21:00:00.000000', 'TTh', 'LEC', 'PME402', 'CA-4D'),
('01079', 'TA 8', 'Application on Tariff Taxation', '18:30:00.000000', '21:30:00.000000', 'MW', 'LEC', 'PME501', 'CA-4D'),
('00693', 'Ana and Physio', 'Anatomy and Physiology', '09:00:00.000000', '11:00:00.000000', 'TTh', 'LEC', 'NSLR1', 'BSED-4B'),
('00909', 'Astro 1', 'Astronomy', '10:30:00.000000', '12:00:00.000000', 'TTh', 'LEC', 'CH302', 'BEED-4A'),
('00595', 'Bio 1', 'Biological Science 1', '14:00:00.000000', '15:00:00.000000', 'MWF', 'LEC', 'NSLR1', 'BSED-3E'),
('00595', 'Bio 1', 'Biological Science 1', '15:00:00.000000', '17:00:00.000000', 'MWF', 'LAB', 'BLR1', 'BSED-3E'),
('00694', 'Bio 4', 'Microbiology', '17:15:00.000000', '18:15:00.000000', 'MWF', 'LEC', 'BLR1', 'BSED-4B'),
('00694', 'Bio 4', 'Microbiology', '18:15:00.000000', '20:15:00.000000', 'MWF', 'LAB', 'BLR1', 'BSED-4B'),
('00695', 'Bio 6', 'Biotechnique', '12:30:00.000000', '14:30:00.000000', 'TTh', 'LEC', 'BLR1', 'BSED-4B'),
('00711', 'Cat 16', 'Catechesis in Schools', '14:00:00.000000', '15:30:00.000000', 'TTh', 'LEC', 'J403', 'BSED-4A'),
('00712', 'Cat 17', 'Catechesis in Movements & Groups', '14:00:00.000000', '15:00:00.000000', 'MWF', 'LEC', 'J304', 'BSED-4A'),
('00713', 'Cat 18', 'Liturgies and Popular Devotions', '15:00:00.000000', '16:00:00.000000', 'MWF', 'LEC', 'J305', 'BSED-4A'),
('00714', 'Cat 19', 'Retreats and Recollections', '08:30:00.000000', '11:30:00.000000', 'S', 'LEC', 'PME502', 'BSED-4A'),
('00525', 'Chem 1 Ed', 'Inorganic Chemistry', '17:15:00.000000', '18:15:00.000000', 'MWF', 'LEC', 'CH405', 'BSED-2A'),
('00525', 'Chem 1 Ed', 'Inorganic Chemistry', '17:00:00.000000', '20:00:00.000000', 'TTh', 'LAB', 'CLR1', 'BSED-2A'),
('00596', 'Chem 3', 'Biochemistry', '08:00:00.000000', '10:00:00.000000', 'MWF', 'LAB', 'CLR1', 'BSED-3E'),
('00596', 'Chem 3', 'Biochemistry', '10:00:00.000000', '11:00:00.000000', 'MWF', 'LEC', 'CH405', 'BSED-3E'),
('00696', 'Ecology', 'Ecology', '09:00:00.000000', '10:00:00.000000', 'MWF', 'LEC', 'NSLR1', 'BSED-4B'),
('00696', 'Ecology', 'Ecology', '10:00:00.000000', '12:00:00.000000', 'MWF', 'LAB', 'BLR1', 'BSED-4B'),
('00516', 'Educ 21', 'Child and Adolescent Development', '09:00:00.000000', '10:30:00.000000', 'TTh', 'LEC', 'CH302', 'BSED-2A'),
('00528', 'Educ 21', 'Child and Adolescent Development', '18:15:00.000000', '19:15:00.000000', 'MWF', 'LEC', 'GH207', 'BEED-2A'),
('00544', 'Educ 21', 'Child and Adolescent Development', '07:30:00.000000', '09:00:00.000000', 'TTh', 'LEC', 'CH205', 'BPE-2A'),
('00517', 'Educ 22', 'Educational Technology 1', '19:15:00.000000', '20:15:00.000000', 'MWF', 'LEC', 'DanceRm', 'BSED-2A'),
('00527', 'Educ 22', 'Educational Technology 1', '17:00:00.000000', '18:30:00.000000', 'TTh', 'LEC', 'CH205', 'BEED-2A'),
('00543', 'Educ 22', 'Educational Technology 1', '12:30:00.000000', '14:00:00.000000', 'TTh', 'LEC', 'CH205', 'BPE-2A'),
('00550', 'Educ 23', 'Facilitating Learning', '12:30:00.000000', '14:00:00.000000', 'TTh', 'LEC', 'J405', 'BSED-3A'),
('00551', 'Educ 23', 'Facilitating Learning', '13:00:00.000000', '14:00:00.000000', 'MWF', 'LEC', 'CH205', 'BSED-3C'),
('00552', 'Educ 23', 'Facilitating Learning', '14:00:00.000000', '15:30:00.000000', 'TTh', 'LEC', 'CH205', 'BSED-3B'),
('00553', 'Educ 23', 'Facilitating Learning', '16:00:00.000000', '17:00:00.000000', 'MWF', 'LEC', 'CH205', 'BSED-3D'),
('00554', 'Educ 23', 'Facilitating Learning', '20:15:00.000000', '21:15:00.000000', 'MWF', 'LEC', 'CH202', 'BSED-3E'),
('00614', 'Educ 23', 'Facilitating Learning', '15:00:00.000000', '16:00:00.000000', 'MWF', 'LEC', 'CH205', 'BEED-3A'),
('00617', 'Educ 23', 'Facilitating Learning', '19:15:00.000000', '20:15:00.000000', 'MWF', 'LEC', 'GH207', 'BEED-3B'),
('00518', 'Educ 24', 'Principles of Teaching 1', '12:30:00.000000', '14:00:00.000000', 'TTh', 'LEC', 'GH207', 'BSED-2A'),
('00529', 'Educ 24', 'Principles of Teaching 1', '14:00:00.000000', '15:30:00.000000', 'TTh', 'LEC', 'GH206', 'BEED-2A'),
('00545', 'Educ 24', 'Principles of Teaching 1', '14:00:00.000000', '15:00:00.000000', 'MWF', 'LEC', 'CH205', 'BPE-2A'),
('00519', 'Educ 25', 'Assessment of Learning 1', '13:00:00.000000', '14:00:00.000000', 'MWF', 'LEC', 'J601', 'BSED-2A'),
('00530', 'Educ 25', 'Assessment of Learning 1', '14:00:00.000000', '15:00:00.000000', 'MWF', 'LEC', 'GH206', 'BEED-2A'),
('00546', 'Educ 25', 'Assessment of Learning 1', '17:00:00.000000', '18:30:00.000000', 'TTh', 'LEC', 'PME501', 'BPE-2A'),
('00559', 'Educ 28', 'Curriculum Development', '10:30:00.000000', '12:00:00.000000', 'TTh', 'LEC', 'GH206', 'BSED-3A'),
('00560', 'Educ 28', 'Curriculum Development', '12:30:00.000000', '14:00:00.000000', 'TTh', 'LEC', 'J202', 'BSED-3B'),
('00561', 'Educ 28', 'Curriculum Development', '09:00:00.000000', '10:30:00.000000', 'TTh', 'LEC', 'CH205', 'BSED-3C'),
('00615', 'Educ 28', 'Curriculum Development', '14:00:00.000000', '15:30:00.000000', 'TTh', 'LEC', 'GH207', 'BEED-3A'),
('00616', 'Educ 28', 'Curriculum Development', '18:15:00.000000', '19:15:00.000000', 'MWF', 'LEC', 'GH206', 'BEED-3B'),
('00624', 'Educ 28', 'Curriculum Development', '10:00:00.000000', '11:00:00.000000', 'MWF', 'LEC', 'CH205', 'BPE-3A'),
('00625', 'Educ 28', 'Curriculum Development', '11:00:00.000000', '12:00:00.000000', 'MWF', 'LEC', 'J306', 'BPE-3B'),
('00608', 'Educ 29', 'Social Dimension of Education', '17:15:00.000000', '18:15:00.000000', 'MWF', 'LEC', 'CH205', 'BSED-3E'),
('00626', 'Educ 30', 'Developmental Reading 1', '14:00:00.000000', '15:00:00.000000', 'MWF', 'LEC', 'J405', 'BPE-3A'),
('00627', 'Educ 30', 'Developmental Reading 1', '16:00:00.000000', '17:00:00.000000', 'MWF', 'LEC', 'GYM205', 'BPE-3B'),
('00720', 'Educ 32', 'Developmental Reading 2', '17:15:00.000000', '18:15:00.000000', 'MWF', 'LEC', 'J201', 'BEED-4A'),
('00721', 'Educ 32', 'Developmental Reading 2', '19:15:00.000000', '20:15:00.000000', 'MWF', 'LEC', 'GYM203', 'BEED-4A'),
('00662', 'Educ 33', 'Teaching Profession', '17:15:00.000000', '18:15:00.000000', 'MWF', 'LEC', 'DanceRm', 'BPE-4A'),
('00690', 'Educ 33', 'Teaching Profession', '16:00:00.000000', '17:00:00.000000', 'MWF', 'LEC', 'J203', 'BSED-4B'),
('00698', 'Educ 33', 'Teaching Profession', '10:30:00.000000', '12:00:00.000000', 'TTh', 'LEC', 'CH303', 'BSED-4C'),
('00708', 'Educ 33', 'Teaching Profession', '20:15:00.000000', '21:15:00.000000', 'MWF', 'LEC', 'GH207', 'BSED-4A'),
('00724', 'Educ 33', 'Teaching Profession', '13:00:00.000000', '14:00:00.000000', 'MWF', 'LEC', 'J202', 'BEED-4A'),
('01135', 'Educ 33', 'Teaching Profession', '15:00:00.000000', '16:00:00.000000', 'MWF', 'LEC', 'J204', 'BEED-4A'),
('01136', 'Educ 33', 'Teaching Profession', '09:00:00.000000', '10:30:00.000000', 'TTh', 'LEC', 'J301', 'BSED-4D'),
('00741', 'Educ 34', 'Student Teaching', '08:00:00.000000', '14:00:00.000000', 'W', 'LEC', 'Field', ''),
('00742', 'Educ 34', 'Student Teaching', '08:00:00.000000', '14:00:00.000000', 'M', 'LEC', 'Field', ''),
('00745', 'Educ 34', 'Student Teaching', '08:00:00.000000', '14:00:00.000000', 'M', 'LEC', 'Field', ''),
('00744', 'Educ 34a', 'Educational Synthesis', '08:00:00.000000', '14:00:00.000000', 'F', 'LEC', 'Field', ''),
('00746', 'Educ 34a', 'Educational Synthesis', '08:00:00.000000', '14:00:00.000000', 'F', 'LEC', 'Field', ''),
('00664', 'Engl 11', 'Language Curriculum', '15:00:00.000000', '16:00:00.000000', 'MWF', 'LEC', 'J401', 'BSED-4A'),
('00557', 'Engl 13', 'Mythology & Folklore', '10:00:00.000000', '11:00:00.000000', 'MWF', 'LEC', 'J301', 'BSED-3A'),
('00558', 'Engl 14', 'Afro-Asian Literature', '14:00:00.000000', '15:00:00.000000', 'MWF', 'LEC', 'J401', 'BSED-3A'),
('00665', 'Engl 19', 'Introduction to Stylistics', '13:00:00.000000', '14:00:00.000000', 'MWF', 'LEC', 'J401', 'BSED-4A'),
('00666', 'Engl 21.', 'Language and Literature Assessment', '09:00:00.000000', '10:30:00.000000', 'TTh', 'LEC', 'J401', 'BSED-4A'),
('00667', 'Engl 22.', 'Remedial Instructions in English', '14:00:00.000000', '15:30:00.000000', 'TTh', 'LEC', 'J401', 'BSED-4A'),
('00668', 'Engl 23', 'English for Specific Purposes', '16:00:00.000000', '17:00:00.000000', 'MWF', 'LEC', 'J301', 'BSED-4A'),
('00669', 'Engl 24', 'Language Research', '10:30:00.000000', '12:00:00.000000', 'TTh', 'LEC', 'J401', 'BSED-4A'),
('00723', 'Engl 26', 'Children&qoute;s Literature', '08:00:00.000000', '11:00:00.000000', 'S', 'LEC', 'CH302', 'BEED-4A'),
('00514', 'Engl 3', 'Speech and Oral Communication', '15:00:00.000000', '16:00:00.000000', 'MWF', 'LEC', 'SLR', 'BSED-2A'),
('00531', 'Engl 3', 'Speech and Oral Communication', '19:15:00.000000', '20:15:00.000000', 'MWF', 'LEC', 'SLR', 'BEED-2A'),
('00547', 'Engl 3', 'Speech and Oral Communication', '09:00:00.000000', '10:00:00.000000', 'MWF', 'LEC', 'SLR', 'BPE-2A'),
('00555', 'Engl 8', 'Translation & Editing of Text', '09:00:00.000000', '10:00:00.000000', 'MWF', 'LEC', 'J301', 'BSED-3A'),
('00556', 'Engl 9', 'The Teaching of Speaking', '11:00:00.000000', '12:00:00.000000', 'MWF', 'LEC', 'J301', 'BSED-3A'),
('00573', 'Fil 11', 'Pagtuturo at Pagtataya sa Pakikinig at Pagsasalita', '13:00:00.000000', '14:00:00.000000', 'MWF', 'LEC', 'J201', 'BSED-3B'),
('00672', 'Fil 13', 'Kulturang Popular', '15:00:00.000000', '16:00:00.000000', 'MWF', 'LEC', 'J301', 'BSED-4B'),
('00673', 'Fil 14', 'Panunuring Pampanitikan', '14:00:00.000000', '15:00:00.000000', 'MWF', 'LEC', 'J403', 'BSED-4B'),
('00674', 'Fil 15', 'Pagpapahalagang Pampanitikan', '10:30:00.000000', '12:00:00.000000', 'TTh', 'LEC', 'TH403', 'BSED-4B'),
('00574', 'Fil 16', 'Pagtuturo at Pagtataya sa Pagbabasa at Pagsulat', '09:00:00.000000', '10:00:00.000000', 'MWF', 'LEC', 'J401', 'BSED-3B'),
('00675', 'Fil 20', 'Dula at Nobelang Filipino', '20:00:00.000000', '21:30:00.000000', 'TTh', 'LEC', 'TH403', 'BSED-4B'),
('00676', 'Fil 21', 'Maikling Kwentong Filipino', '17:00:00.000000', '18:30:00.000000', 'TTh', 'LEC', 'PH403', 'BSED-4B'),
('00677', 'Fil 22', 'Pagbabasa ng mga Obrang Maestrang Filipino', '12:30:00.000000', '14:00:00.000000', 'TTh', 'LEC', 'TH402', 'BSED-4B'),
('00678', 'Fil 23', 'Pagtuturo at Pagtataya sa Panitikan', '14:00:00.000000', '15:30:00.000000', 'TTh', 'LEC', 'TH403', 'BSED-4B'),
('00515', 'Fil 3', 'Masining na Pagpapahayag', '08:00:00.000000', '09:00:00.000000', 'MWF', 'LEC', 'GH206', 'BSED-2A'),
('00535', 'Fil 3', 'Masining na Pagpapahayag', '09:00:00.000000', '10:30:00.000000', 'TTh', 'LEC', 'GH206', 'BEED-2A'),
('00602', 'Fil 3', 'Masining na Pagpapahayag', '11:00:00.000000', '12:00:00.000000', 'MWF', 'LEC', 'CH302', 'BSED-3E'),
('00571', 'Fil 7', 'Panimula sa Pagsasalin', '08:00:00.000000', '09:00:00.000000', 'MWF', 'LEC', 'J401', 'BSED-3B'),
('00572', 'Fil 8', 'Panimula sa Pamamahayag', '10:00:00.000000', '11:00:00.000000', 'MWF', 'LEC', 'J202', 'BSED-3B'),
('00520', 'FS 1', 'Learner&qoute;s Development and the School Environment', '12:00:00.000000', '13:00:00.000000', 'M', 'LEC', 'Field', 'BSED-2A'),
('00532', 'FS 1', 'Learner&qoute;s Development and the School Environment', '12:00:00.000000', '13:00:00.000000', 'M', 'LEC', 'Field', 'BEED-2A'),
('00533', 'FS 2', 'Classroom & Mgt Skills in the Teaching & Learning Proce', '12:00:00.000000', '13:00:00.000000', 'W', 'LEC', 'Field', ''),
('00600', 'FS 3', 'Micro Teaching and the Use of Technology', '11:00:00.000000', '12:00:00.000000', 'S', 'LEC', 'Field', ''),
('00575', 'FS 4', 'Team Teaching: Exploring the Curriculum', '12:00:00.000000', '13:00:00.000000', 'F', 'LEC', 'Field', 'BSED-3B'),
('00583', 'FS 4', 'Team Teaching: Exploring the Curriculum', '12:00:00.000000', '13:00:00.000000', 'W', 'LEC', 'Field', 'BSED-3C'),
('00629', 'FS 4', 'Team Teaching: Exploring the Curriculum', '12:00:00.000000', '13:00:00.000000', 'F', 'LEC', 'Field', 'BPE-3A'),
('00644', 'FS 4', 'Team Teaching: Exploring the Curriculum', '12:00:00.000000', '13:00:00.000000', 'M', 'LEC', 'Field', 'BEED-3A'),
('00649', 'FS 4', 'Team Teaching: Exploring the Curriculum', '12:00:00.000000', '13:00:00.000000', 'S', 'LEC', 'Field', 'BEED-3B'),
('00599', 'FS 5', 'Learning Assessment Strategies', '12:00:00.000000', '13:00:00.000000', 'M', 'LEC', 'Field', 'BSED-3E'),
('00660', 'FS 6', 'On Becoming a Teacher', '12:00:00.000000', '13:00:00.000000', 'W', 'LEC', 'Field', 'BPE-4A'),
('00681', 'FS 6', 'On Becoming a Teacher', '13:00:00.000000', '14:00:00.000000', 'S', 'LEC', 'Field', 'BSED-4B'),
('00691', 'FS 6', 'On Becoming a Teacher', '15:00:00.000000', '16:00:00.000000', 'S', 'LEC', 'Field', 'BSED-4C'),
('00709', 'FS 6', 'On Becoming a Teacher', '15:00:00.000000', '16:00:00.000000', 'S', 'LEC', 'Field', 'BSED-4A'),
('00727', 'FS 6', 'On Becoming a Teacher', '14:00:00.000000', '15:00:00.000000', 'S', 'LEC', 'Field', 'BEED-4A'),
('00568', 'HE 1', 'Home Economics', '20:00:00.000000', '21:30:00.000000', 'TTh', 'LEC', 'CH201', 'BSED-3B'),
('00581', 'HE 1', 'Home Economics', '15:00:00.000000', '18:00:00.000000', 'S', 'LEC', 'CH201', 'BSED-3C'),
('00648', 'HE 1', 'Home Economics', '18:30:00.000000', '20:00:00.000000', 'TTh', 'LEC', 'CH203', 'BEED-3B'),
('00679', 'Hum 1', 'Arts Appreciation and Music', '19:15:00.000000', '20:15:00.000000', 'MWF', 'LEC', 'PME304', 'BSED-4A'),
('00699', 'Hum 1', 'Arts Appreciation and Music', '07:30:00.000000', '09:00:00.000000', 'TTh', 'LEC', 'CH302', 'BSED-4B'),
('00726', 'Lit 12', 'Pagpapahalagang Pampanitikan', '12:30:00.000000', '14:00:00.000000', 'TTh', 'LEC', 'CH303', 'BEED-4A'),
('00609', 'Lit 2', 'World Literature', '16:00:00.000000', '17:00:00.000000', 'MWF', 'LEC', 'PH204', 'BSED-3E'),
('00910', 'Lit 2', 'World Literature', '07:30:00.000000', '09:00:00.000000', 'TTh', 'LEC', 'GH206', 'BSED-2A'),
('00636', 'Lit 3', 'Mga Anyo ng Kontemporaryong Panitikang Filipino', '16:00:00.000000', '17:00:00.000000', 'MWF', 'LEC', 'PME404', 'BEED-3A'),
('00526', 'Math 11', 'History of Mathematics', '14:00:00.000000', '15:00:00.000000', 'MWF', 'LEC', 'CH405', 'BSED-2A'),
('00635', 'Math 12', 'Trigonometry', '17:00:00.000000', '18:30:00.000000', 'TTh', 'LEC', 'GH207', 'BEED-3A'),
('00579', 'Math 15', 'Solid Geometry', '09:00:00.000000', '10:00:00.000000', 'MWF', 'LEC', 'CH205', 'BSED-3C'),
('00577', 'Math 16', 'Analytic Geometry', '16:00:00.000000', '17:00:00.000000', 'MWF', 'LEC', 'PH203', 'BSED-3C'),
('00639', 'Math 16', 'Analytic Geometry', '18:30:00.000000', '20:00:00.000000', 'TTh', 'LEC', 'GH206', 'BEED-3A'),
('00578', 'Math 18', 'Advanced Stactistics', '11:00:00.000000', '12:00:00.000000', 'MWF', 'LEC', 'CH205', 'BSED-3C'),
('00580', 'Math 19', 'Probability', '14:00:00.000000', '15:30:00.000000', 'TTh', 'LEC', 'CH405', 'BSED-3C'),
('00683', 'Math 24', 'Instrumentation in Math', '13:00:00.000000', '14:00:00.000000', 'MWF', 'LEC', 'TH404', 'BSED-4C'),
('00684', 'Math 25', 'Calculus II', '15:00:00.000000', '16:00:00.000000', 'MWF', 'LEC', 'TH403', 'BSED-4C'),
('00685', 'Math 26', 'Seminar in Technology in Math', '10:30:00.000000', '12:00:00.000000', 'TTh', 'LEC', 'J301', 'BSED-4C'),
('00686', 'Math 27', 'Abstract Algebra', '18:15:00.000000', '19:15:00.000000', 'MWF', 'LEC', 'TH403', 'BSED-4C'),
('00687', 'Math 28', 'Modern Geometry', '18:30:00.000000', '20:00:00.000000', 'TTh', 'LEC', 'GH207', 'BSED-4C'),
('00688', 'Math 29', 'Mathematical Investigation and Modeling', '17:00:00.000000', '18:30:00.000000', 'TTh', 'LEC', 'CH201', 'BSED-4C'),
('00689', 'Math 30', 'Seminar in Problem Solving in Mathematics', '19:15:00.000000', '20:15:00.000000', 'MWF', 'LEC', 'CH205', 'BSED-4C'),
('00722', 'Math 30', 'Seminar in Problem Solving in Mathematics', '10:00:00.000000', '11:00:00.000000', 'MWF', 'LEC', 'CH302', 'BEED-4A'),
('00612', 'NS 1A', 'History and Philosophy of Science', '07:30:00.000000', '09:00:00.000000', 'TTh', 'LEC', 'NSLR1', 'BSED-3E'),
('00697', 'NS 1A', 'History and Philosophy of Science', '17:00:00.000000', '18:30:00.000000', 'TTh', 'LEC', 'CH203', 'BSED-4B'),
('00524', 'NSTP 1C', 'National Service Training Program 1 (CWTS-Non PCG)', '08:00:00.000000', '11:00:00.000000', 'S', 'LEC', 'PME501', 'BSED-2A'),
('00538', 'NSTP 1C', 'National Service Training Program 1 (CWTS-Non PCG)', '12:00:00.000000', '15:00:00.000000', 'S', 'LEC', 'PME303', 'BEED-2A'),
('00549', 'NSTP 1C', 'National Service Training Program 1 (CWTS-Non PCG)', '15:00:00.000000', '18:00:00.000000', 'S', 'LEC', 'PME303', 'BPE-2A'),
('00564', 'PD 1', 'Personality Development and Public Relations', '07:30:00.000000', '09:00:00.000000', 'TTh', 'LEC', 'J601', 'BSED-3A'),
('00567', 'PD 1', 'Personality Development and Public Relations', '17:00:00.000000', '18:30:00.000000', 'TTh', 'LEC', 'GYM203', 'BSED-3B'),
('00582', 'PD 1', 'Personality Development and Public Relations', '18:15:00.000000', '19:15:00.000000', 'MWF', 'LEC', 'GYM105', 'BSED-3C'),
('00590', 'PD 1', 'Personality Development and Public Relations', '10:30:00.000000', '12:00:00.000000', 'TTh', 'LEC', 'J601', 'BSED-3D'),
('00641', 'PD 1', 'Personality Development and Public Relations', '15:00:00.000000', '18:00:00.000000', 'S', 'LEC', 'CH303', 'BEED-3A'),
('00647', 'PD 1', 'Personality Development and Public Relations', '17:15:00.000000', '18:15:00.000000', 'MWF', 'LEC', 'GH207', 'BEED-3B'),
('00911', 'PD 1', 'Personality Development and Public Relations', '12:00:00.000000', '15:00:00.000000', 'S', 'LEC', 'J606', 'BSED-4A'),
('00523', 'PE 3', 'Individual and Dual Sports', '10:00:00.000000', '12:00:00.000000', 'mM', 'LEC', 'AREAB', 'BSED-2A'),
('00537', 'PE 3', 'Individual and Dual Sports', '15:00:00.000000', '17:00:00.000000', 'W', 'LEC', 'AREAB', 'BEED-2A'),
('00640', 'Physics 1A', 'Physics for Health Science', '17:15:00.000000', '18:15:00.000000', 'MWF', 'LEC', 'PLR1', 'BEED-3A'),
('00640', 'Physics 1A', 'Physics for Health Science', '18:15:00.000000', '19:15:00.000000', 'MWF', 'LAB', 'PLR1', 'BEED-3A'),
('00611', 'Physics 1B', 'Thermodynamics', '08:00:00.000000', '09:00:00.000000', 'MWF', 'LEC', 'CH405', 'BSED-3E'),
('00611', 'Physics 1B', 'Thermodynamics', '09:00:00.000000', '10:00:00.000000', 'MWF', 'LAB', 'PLR1', 'BSED-3E'),
('00670', 'Pol Sci 1', 'Politics and Governance with Philippine Constitution', '17:15:00.000000', '18:15:00.000000', 'MWF', 'LEC', 'CH203', 'BSED-4A'),
('00680', 'Pol Sci 1', 'Politics and Governance with Philippine Constitution', '18:15:00.000000', '19:15:00.000000', 'MWF', 'LEC', 'GYM202', 'BSED-4B'),
('00729', 'Pol Sci 1', 'Politics and Governance with Philippine Constitution', '09:00:00.000000', '10:00:00.000000', 'MWF', 'LEC', 'CH302', 'BEED-4A'),
('00904', 'Pol Sci 1', 'Politics and Governance with Philippine Constitution', '20:00:00.000000', '21:30:00.000000', 'TTh', 'LEC', 'GH206', 'BPE-4A'),
('00539', 'Pre-Sch Ed 1', 'Introduction to Pre-School Education', '16:00:00.000000', '17:00:00.000000', 'MWF', 'LEC', 'TH405', 'BEED-2A'),
('00730', 'Pre-Sch Ed 14', 'Organizational and Management of Child Development P', '20:00:00.000000', '21:30:00.000000', 'TTh', 'LEC', 'J403', 'BEED-4B'),
('00731', 'Pre-Sch Ed 15', 'Technology in Pre-School Education', '18:30:00.000000', '20:00:00.000000', 'TTh', 'LEC', 'J403', 'BEED-4B'),
('00732', 'Pre-Sch Ed 16', 'Home - School Relationship', '17:00:00.000000', '18:30:00.000000', 'TTh', 'LEC', 'J403', 'BEED-4B'),
('00733', 'Pre-Sch Ed 17', 'Trends and Issues in Pre-School Education', '10:30:00.000000', '12:00:00.000000', 'TTh', 'LEC', 'J403', 'BEED-4B'),
('00734', 'Pre-Sch Ed 18', 'Directed Study in Pre-School Education', '09:00:00.000000', '10:30:00.000000', 'TTh', 'LEC', 'J403', 'BEED-4B'),
('00645', 'Pre-Sch Ed 5', 'Personal and Social Development (Play & Social Dev)', '17:15:00.000000', '18:15:00.000000', 'MWF', 'LEC', 'J403', 'BEED-3B'),
('00646', 'Pre-Sch Ed 6', 'Language and Numeracy for Young Children', '18:15:00.000000', '19:15:00.000000', 'MWF', 'LEC', 'TH402', 'BEED-3B'),
('00634', 'Pre-Sch Ed 7', 'Science, Health and Nature Study', '12:30:00.000000', '14:00:00.000000', 'TTh', 'LEC', 'J403', 'BEED-3B'),
('00638', 'Pre-Sch Ed 8', 'Preparation of Instructional Materials', '07:30:00.000000', '09:00:00.000000', 'TTh', 'LEC', 'J403', 'BEED-3B'),
('00521', 'Re Ed 3', 'The Church', '14:00:00.000000', '15:30:00.000000', 'TTh', 'LEC', 'J202', 'BSED-2A'),
('00534', 'Re Ed 3', 'The Church', '13:00:00.000000', '14:00:00.000000', 'MWF', 'LEC', 'GH206', 'BEED-2A'),
('00548', 'Re Ed 3', 'The Church', '08:00:00.000000', '09:00:00.000000', 'MWF', 'LEC', 'CH302', 'BPE-2A'),
('00566', 'Re Ed 5', 'Liturgy and Sacraments', '14:00:00.000000', '15:30:00.000000', 'TTh', 'LEC', 'PH203', 'BSED-3A'),
('00576', 'Re Ed 5', 'Liturgy and Sacraments', '15:00:00.000000', '16:00:00.000000', 'MWF', 'LEC', 'PH204', 'BSED-3B'),
('00585', 'Re Ed 5', 'Liturgy and Sacraments', '07:30:00.000000', '09:00:00.000000', 'TTh', 'LEC', 'CH303', 'BSED-3C'),
('00593', 'Re Ed 5', 'Liturgy and Sacraments', '19:15:00.000000', '20:15:00.000000', 'MWF', 'LEC', 'GYM104', 'BSED-3D'),
('00601', 'Re Ed 5', 'Liturgy and Sacraments', '18:15:00.000000', '19:15:00.000000', 'MWF', 'LEC', 'GYM203', 'BSED-3E'),
('00628', 'Re Ed 5', 'Liturgy and Sacraments', '09:00:00.000000', '10:00:00.000000', 'MWF', 'LEC', 'GH206', 'BPE-3A'),
('00631', 'Re Ed 5', 'Liturgy and Sacraments', '09:00:00.000000', '10:30:00.000000', 'TTh', 'LEC', 'GH207', 'BPE-3B'),
('00633', 'Re Ed 5', 'Liturgy and Sacraments', '14:00:00.000000', '15:00:00.000000', 'MWF', 'LEC', 'GH207', 'BEED-3B'),
('00642', 'Re Ed 5', 'Liturgy and Sacraments', '12:00:00.000000', '15:00:00.000000', 'S', 'LEC', 'CH303', 'BEED-3A'),
('00594', 'Res BS', 'Research Method in Bio Sci', '09:00:00.000000', '10:30:00.000000', 'TTh', 'LEC', 'PH403', 'BSED-3E'),
('00536', 'Rizal', 'Life, Works and Writings of Rizal', '17:15:00.000000', '18:15:00.000000', 'MWF', 'LEC', 'GH206', 'BEED-2A'),
('00522', 'Rizal 1', 'Life, Works and Writings of Rizal', '09:00:00.000000', '10:00:00.000000', 'MWF', 'LEC', 'GH207', 'BSED-2A'),
('00610', 'Rizal 1', 'Life, Works and Writings of Rizal', '08:00:00.000000', '09:00:00.000000', 'MWF', 'LEC', 'CH303', 'BSED-3E'),
('00702', 'Soc Stud 13', 'Comparative Government and Politics', '08:00:00.000000', '11:00:00.000000', 'S', 'LEC', 'CH303', 'BSED-4C');
INSERT INTO `subjectoffer` (`subjectOfferNo`, `subjectCode`, `description`, `timeStart`, `timeEnd`, `day`, `leclab`, `room`, `section`) VALUES
('00703', 'Soc Stud 14', 'Asian Studies', '18:15:00.000000', '19:15:00.000000', 'MWF', 'LEC', 'PH205', 'BSED-4C'),
('00704', 'Soc Stud 15', 'Economics Planning and Strategies', '12:00:00.000000', '15:00:00.000000', 'S', 'LEC', 'GH206', 'BSED-4C'),
('00705', 'Soc Stud 16', 'Trends and Issues in Social Studies', '18:30:00.000000', '20:00:00.000000', 'TTh', 'LEC', 'CH205', 'BSED-4C'),
('00706', 'Soc Stud 17', 'Research in Social Studies', '09:00:00.000000', '12:00:00.000000', 'TTh', 'LEC', 'J201', 'BSED-4C'),
('00707', 'Soc Stud 18', 'Building Bridges Across the Social Science Discipline', '20:00:00.000000', '21:30:00.000000', 'TTh', 'LEC', 'J201', 'BSED-4C'),
('00725', 'Soc Stud 3', '(Geo 3) Geography and Natural Resources of the Philipp', '14:00:00.000000', '15:00:00.000000', 'MWF', 'LEC', 'J601', 'BEED-4A'),
('00586', 'Soc Stud 5 Ed', 'Scientific Reasoning and Critical Thinking', '20:15:00.000000', '21:15:00.000000', 'MWF', 'LEC', 'GH206', 'BSED-3D'),
('00587', 'Soc Stud 6', 'World History and Civilization 2', '10:00:00.000000', '11:00:00.000000', 'MWF', 'LEC', 'J201', 'BSED-3D'),
('00588', 'Soc Stud 7 Ed', 'Micro-Macro Economics', '15:00:00.000000', '18:00:00.000000', 'S', 'LEC', 'CH202', 'BSED-3D'),
('00541', 'SPE 101', 'Foundation of Phys. Educ. Sports and Wellness', '15:00:00.000000', '16:00:00.000000', 'MWF', 'LEC', 'DanceRm', 'BPE-2A'),
('00542', 'SPE 102', 'Human Anatomy and Physiology', '11:00:00.000000', '12:00:00.000000', 'MWF', 'LEC', 'DanceRm', 'BPE-2A'),
('00618', 'SPE 106', 'Gymnastics&Combative Sports,ie(Arnis,Taekwondo,Penc', '07:30:00.000000', '09:00:00.000000', 'TTh', 'LEC', 'DanceRm', 'BPE-3A'),
('00619', 'SPE 106', 'Gymnastics&Combative Sports,ie(Arnis,Taekwondo,Penc', '17:00:00.000000', '20:00:00.000000', 'T', 'LEC', 'DanceRm', 'BPE-3B'),
('00620', 'SPE 107', 'Team Sports,ie(Soccer,Basketball,Volleyball and Softball)', '11:00:00.000000', '14:00:00.000000', 'S', 'LEC', 'DanceRm', 'BPE-3B'),
('00621', 'SPE 107', 'Team Sports,ie(Soccer,Basketball,Volleyball and Softball)', '09:00:00.000000', '10:30:00.000000', 'TTh', 'LEC', 'DanceRm', 'BPE-3A'),
('00622', 'SPE 111', 'Methods&Techniques in Teaching PE,Sports&Wellness (P', '14:00:00.000000', '16:00:00.000000', 'MWF', 'LEC', 'MUSICRM', 'BPE-3A'),
('00623', 'SPE 111', 'Methods&Techniques in Teaching PE,Sports&Wellness (P', '12:30:00.000000', '15:30:00.000000', 'TTh', 'LEC', 'DanceRm', 'BPE-3B'),
('00655', 'SPE 113', 'Research II in Phys. Educ. , Sports and Wellness', '18:30:00.000000', '20:00:00.000000', 'TTh', 'LEC', 'MUSICRM', 'BPE-4A'),
('00663', 'SPE 113', 'Research II in Phys. Educ. , Sports and Wellness', '20:00:00.000000', '21:30:00.000000', 'TTh', 'LEC', 'MUSICRM', 'BPE-4B'),
('00656', 'SPE 115', 'Consumer Health, Drug and Safety Education', '09:00:00.000000', '10:00:00.000000', 'MWF', 'LEC', 'DanceRm', 'BPE-4A'),
('00908', 'SPE 115', 'Consumer Health, Drug and Safety Education', '16:00:00.000000', '17:00:00.000000', 'MWF', 'LEC', 'DanceRm', 'BPE-4B'),
('00657', 'SPE 116', 'Aquatics', '11:00:00.000000', '14:00:00.000000', 'S', 'LEC', 'MUSICRM', 'BPE-4A'),
('00906', 'SPE 116', 'Aquatics', '14:00:00.000000', '17:00:00.000000', 'S', 'LEC', 'MUSICRM', 'BPE-4B'),
('00658', 'SPE 117', 'Special Phys. Education, Sports and Wellness', '08:00:00.000000', '09:00:00.000000', 'MWF', 'LEC', 'DanceRm', 'BPE-4A'),
('00905', 'SPE 117', 'Special Phys. Education, Sports and Wellness', '13:00:00.000000', '14:00:00.000000', 'MWF', 'LEC', 'DanceRm', 'BPE-4B'),
('00659', 'SPE 118', 'Emergency Preparedness and Response Management', '18:15:00.000000', '19:15:00.000000', 'MWF', 'LEC', 'DanceRm', 'BPE-4A'),
('00907', 'SPE 118', 'Emergency Preparedness and Response Management', '08:00:00.000000', '11:00:00.000000', 'S', 'LEC', 'DanceRm', 'BPE-4B'),
('00570', 'Special Topic 1', 'Seminar Form', '14:00:00.000000', '15:00:00.000000', 'M', 'LEC', 'PME402', 'BSED-3B'),
('00598', 'Special Topic 1', 'Seminar Form', '17:15:00.000000', '18:15:00.000000', 'W', 'LEC', 'PME402', 'BSED-3E'),
('00630', 'Special Topic 1', 'Seminar on Diversity of Learning', '18:15:00.000000', '19:15:00.000000', 'W', 'LEC', 'MUSICRM', 'BPE-3A'),
('00650', 'Special Topic 1', 'Seminar Form', '12:00:00.000000', '13:00:00.000000', 'M', 'LEC', 'CH205', 'BEED-3A'),
('00692', 'Special Topic 2', 'Seminar Form', '14:00:00.000000', '15:00:00.000000', 'W', 'LEC', 'PME402', 'BSED-3E'),
('00643', 'Special Topic 3', 'Peace Education in Seminar Form', '11:00:00.000000', '12:00:00.000000', 'mF', 'LEC', 'PME301', 'BPE-4B'),
('00661', 'Special Topic 3', 'Peace Education in Seminar Form', '13:00:00.000000', '14:00:00.000000', 'M', 'LEC', 'PME402', 'BPE-4A'),
('00671', 'Special Topic 3', 'Seminar Form', '14:00:00.000000', '15:00:00.000000', 'F', 'LEC', 'DanceRm', 'BSED-4A'),
('00682', 'Special Topic 3', 'Seminar Form', '12:00:00.000000', '13:00:00.000000', 'W', 'LEC', 'CH303', 'BEED-4B'),
('00728', 'Special Topic 3', 'Seminar Form', '12:00:00.000000', '13:00:00.000000', 'M', 'LEC', 'CH303', 'BEED-4A'),
('00540', 'SPED 1', 'Introduction to Special Education 1', '17:15:00.000000', '18:15:00.000000', 'MWF', 'LEC', 'TH403', 'BEED-2A'),
('00735', 'SPED 14', 'Movement Arts and Music for Children with Special Need', '14:00:00.000000', '15:30:00.000000', 'TTh', 'LEC', 'J305', 'BEED-4B'),
('00736', 'SPED 15', 'Behavior Management', '18:15:00.000000', '19:15:00.000000', 'MWF', 'LEC', 'J403', 'BEED-4B'),
('00737', 'SPED 16', 'Individualized Education Program (IEP)', '19:15:00.000000', '20:15:00.000000', 'MWF', 'LEC', 'J403', 'BEED-4B'),
('00738', 'SPED 17', 'Home and Family Life of Children w/ Exceptionalities', '16:00:00.000000', '17:00:00.000000', 'MWF', 'LEC', 'J403', 'BEED-4B'),
('00739', 'SPED 18', 'Guidance and Counseling for Children w/ Special Needs', '12:30:00.000000', '14:00:00.000000', 'TTh', 'LEC', 'J305', 'BEED-4B'),
('00740', 'SPED 19', 'Research in Special Education', '09:00:00.000000', '10:30:00.000000', 'TTh', 'LEC', 'J305', 'BEED-4B'),
('00651', 'SPED 5', 'Observation and Child Study 2', '17:00:00.000000', '18:30:00.000000', 'TTh', 'LEC', 'J305', 'BEED-3B'),
('00652', 'SPED 6', 'Assessment of Children with Special Needs', '20:00:00.000000', '21:30:00.000000', 'TTh', 'LEC', 'J305', 'BEED-3B'),
('00653', 'SPED 7', 'Curriculum for SPED 1', '18:30:00.000000', '20:00:00.000000', 'TTh', 'LEC', 'J304', 'BEED-3B'),
('00654', 'SPED 8', 'Curriculum for SPED 2', '10:30:00.000000', '12:00:00.000000', 'TTh', 'LEC', 'J304', 'BEED-3B'),
('00632', 'V Ed 1', 'Values Education', '19:15:00.000000', '20:15:00.000000', 'MWF', 'LEC', 'GH206', 'BEED-3A'),
('00485', 'Acctg 1', 'Intro to Accounting for IT', '16:00:00.000000', '17:00:00.000000', 'MWF', 'LEC', 'J201', 'IT-2B'),
('00495', 'Acctg 1', 'Intro to Accounting for IT', '15:00:00.000000', '16:00:00.000000', 'MWF', 'LEC', 'J604', ''),
('00494', 'ADV 101', 'IT Elective 1', '17:30:00.000000', '20:00:00.000000', 'TTh', 'LEC', 'ITL1', 'IT-2A'),
('00701', 'CC 104', 'Data Structures and Algorithms', '13:00:00.000000', '15:30:00.000000', 'TTh', 'LEC', 'ITL2', 'IT-2A'),
('01166', 'CPE 311', 'Electronics 1 (Electronics Devices and Circiuts)', '11:00:00.000000', '12:00:00.000000', 'MWF', 'LEC', 'CH503', 'CPE-3A'),
('01166', 'CPE 311', 'Electronics 1 (Electronics Devices and Circiuts)', '12:30:00.000000', '15:30:00.000000', 'T', 'LAB', 'CH503', 'CPE-3A'),
('01169', 'CpE 312', 'Electrical Circuits 1', '16:00:00.000000', '17:00:00.000000', 'MWF', 'LEC', 'CH501', 'CPE-3A'),
('01169', 'CpE 312', 'Electrical Circuits 1', '12:30:00.000000', '15:30:00.000000', 'Th', 'LAB', 'CH501', 'CPE-3A'),
('01170', 'CPE 313C', 'Computer System Organization with Assembly Language', '10:30:00.000000', '12:00:00.000000', 'TTh', 'LEC', 'SMART', 'CPE-3A'),
('01170', 'CPE 313C', 'Computer System Organization with Assembly Language', '13:00:00.000000', '16:00:00.000000', 'W', 'LAB', 'SMART', 'CPE-3A'),
('01180', 'CPE 323C', 'Logic Circuits Switching Theory', '09:00:00.000000', '12:00:00.000000', 'mM', 'LAB', 'CH504', 'CPE-4A'),
('01180', 'CPE 323C', 'Logic Circuits Switching Theory', '17:00:00.000000', '18:30:00.000000', 'TTh', 'LEC', 'CH501', 'CPE-4A'),
('01179', 'CPE 411C', 'Advance Logic Circuits', '12:30:00.000000', '15:30:00.000000', 'T', 'LEC', 'CH504', 'CPE-4A'),
('01179', 'CPE 411C', 'Advance Logic Circuits', '12:30:00.000000', '15:30:00.000000', 'Th', 'LAB', 'CH504', 'CPE-4A'),
('01177', 'CPE 412C', 'Digital Signal Processing', '18:15:00.000000', '21:15:00.000000', 'F', 'LAB', 'SMART', 'CPE-4A'),
('01177', 'CPE 412C', 'Digital Signal Processing', '18:15:00.000000', '21:15:00.000000', 'W', 'LEC', 'SMART', 'CPE-4A'),
('01178', 'CpE 413C', 'Principles of Communication', '09:00:00.000000', '12:00:00.000000', 'mF', 'LAB', 'CH504', 'CPE-4A'),
('01178', 'CpE 413C', 'Principles of Communication', '09:00:00.000000', '11:00:00.000000', 'W', 'LEC', 'CH504', 'CPE-4A'),
('01176', 'CpE 414C', 'Feedback and Control System', '16:00:00.000000', '17:00:00.000000', 'MWF', 'LEC', 'CH402', 'CPE-4A'),
('01176', 'CpE 414C', 'Feedback and Control System', '18:30:00.000000', '21:30:00.000000', 'T', 'LAB', 'CH402', 'CPE-4A'),
('01183', 'CpE 511C', 'Design Project 1 (Methods of Research)', '17:15:00.000000', '18:15:00.000000', 'MW', 'LEC', 'CH504', 'CPE-5A'),
('01182', 'Cpe 512C', 'Computer Networks', '13:00:00.000000', '16:00:00.000000', 'F', 'LAB', 'CH402', 'CPE-5A'),
('01182', 'Cpe 512C', 'Computer Networks', '13:00:00.000000', '16:00:00.000000', 'W', 'LEC', 'CH402', 'CPE-5A'),
('01184', 'CpE 513C', 'Engineering Ethics and Computer Laws', '11:00:00.000000', '12:00:00.000000', 'mWF', 'LEC', 'CH501', 'CPE-5A'),
('01186', 'CpE 514C', 'Energy Conversion', '18:15:00.000000', '21:15:00.000000', 'F', 'LAB', 'CH501', 'CPE-5A'),
('01186', 'CpE 514C', 'Energy Conversion', '18:15:00.000000', '21:15:00.000000', 'W', 'LEC', 'CH501', 'CPE-5A'),
('01185', 'CpE 515C', 'Software Engineering', '14:00:00.000000', '15:00:00.000000', 'TTh', 'LEC', 'SMART', 'CPE-5A'),
('01187', 'CpE 516C', 'Instrumentation and Control', '18:30:00.000000', '21:30:00.000000', 'Th', 'LAB', 'CH503', 'CPE-5A'),
('01187', 'CpE 516C', 'Instrumentation and Control', '17:00:00.000000', '18:00:00.000000', 'TTh', 'LEC', 'CH503', 'CPE-5A'),
('01181', 'CpE 517', 'Elective 2', '09:00:00.000000', '12:00:00.000000', 'mM', 'LAB', 'SMART', 'CPE-5A'),
('01181', 'CpE 517', 'Elective 2', '13:00:00.000000', '14:00:00.000000', 'TTh', 'LEC', 'SMART', 'CPE-5A'),
('00474', 'ECE 311', 'Electronics 1 ( Electronics Devices and Circuits )', '10:00:00.000000', '11:00:00.000000', 'MWF', 'LEC', 'CH503', 'ECE-3A'),
('00474', 'ECE 311', 'Electronics 1 ( Electronics Devices and Circuits )', '12:30:00.000000', '15:30:00.000000', 'Th', 'LAB', 'CH503', 'ECE-3A'),
('00464', 'ECE 312', 'Electrical Circuits 1', '15:00:00.000000', '16:00:00.000000', 'MWF', 'LEC', 'CH501', 'ECE-3A'),
('00464', 'ECE 312', 'Electrical Circuits 1', '12:30:00.000000', '15:30:00.000000', 'T', 'LAB', 'CH501', 'ECE-3A'),
('00468', 'ECE 313E', 'Vector Analysis', '17:15:00.000000', '18:15:00.000000', 'MWF', 'LEC', 'CH501', 'ECE-3A'),
('00597', 'ECE 411E', 'Principles of Communication', '13:00:00.000000', '16:00:00.000000', 'F', 'LAB', 'CH503', 'ECE-4A'),
('00597', 'ECE 411E', 'Principles of Communication', '13:00:00.000000', '16:00:00.000000', 'M', 'LEC', 'CH503', 'ECE-4A'),
('01142', 'ECE 412E', 'Signals, Spectra, Signal Processing', '18:15:00.000000', '21:15:00.000000', 'M', 'LEC', 'SMART', 'ECE-4A'),
('01142', 'ECE 412E', 'Signals, Spectra, Signal Processing', '15:00:00.000000', '18:00:00.000000', 'S', 'LAB', 'SMART', 'ECE-4A'),
('01144', 'ECE 413E', 'Elective 1', '10:30:00.000000', '12:00:00.000000', 'TTh', 'LEC', 'CH503', 'ECE-4A'),
('01144', 'ECE 413E', 'Elective 1', '13:00:00.000000', '16:00:00.000000', 'W', 'LAB', 'CH503', 'ECE-4A'),
('01146', 'ECE 413E', 'Elective 1', '18:15:00.000000', '21:15:00.000000', 'F', 'LAB', 'CH402', 'ECE-4A'),
('01146', 'ECE 413E', 'Elective 1', '18:15:00.000000', '21:15:00.000000', 'W', 'LEC', 'CH402', 'ECE-4A'),
('01141', 'ECE 414E', 'Enery Conversion', '18:30:00.000000', '21:30:00.000000', 'T', 'LEC', 'CH501', 'ECE-4A'),
('01141', 'ECE 414E', 'Enery Conversion', '18:30:00.000000', '21:30:00.000000', 'Th', 'LAB', 'CH501', 'ECE-4A'),
('01149', 'ECE 511E', 'Transmission Media and Antenna System', '14:00:00.000000', '15:00:00.000000', 'MWF', 'LEC', 'CH501', 'ECE-5A'),
('01149', 'ECE 511E', 'Transmission Media and Antenna System', '12:00:00.000000', '15:00:00.000000', 'S', 'LAB', 'CH501', 'ECE-5A'),
('01151', 'ECE 512E', 'Feedback and Control System', '18:15:00.000000', '21:15:00.000000', 'M', 'LAB', 'CH402', 'ECE-5A'),
('01151', 'ECE 512E', 'Feedback and Control System', '17:00:00.000000', '18:30:00.000000', 'TTh', 'LEC', 'CH402', 'ECE-5A'),
('01150', 'ECE 513E', 'Microprocessor/Microcontroller System', '08:00:00.000000', '11:00:00.000000', 'S', 'LAB', 'CH402', 'ECE-5A'),
('01150', 'ECE 513E', 'Microprocessor/Microcontroller System', '18:30:00.000000', '21:30:00.000000', 'Th', 'LEC', 'CH402', 'ECE-5A'),
('01153', 'ECE 514E', 'ECE Laws, Contracts and Ethics', '16:00:00.000000', '17:00:00.000000', 'MWF', 'LEC', 'CH503', 'ECE-5A'),
('01148', 'ECE 515', 'ECE Elective 3', '15:00:00.000000', '18:00:00.000000', 'S', 'LEC', 'CH501', 'ECE-5A'),
('01148', 'ECE 515', 'ECE Elective 3', '18:00:00.000000', '21:00:00.000000', 'S', 'LAB', 'CH501', 'ECE-5A'),
('01154', 'ECE 516E', 'Practicum/Thesis 1', '18:30:00.000000', '21:30:00.000000', 'T', 'LAB', 'CH503', 'ECE-5A'),
('01154', 'ECE 516E', 'Practicum/Thesis 1', '15:30:00.000000', '17:00:00.000000', 'TTh', 'LEC', 'CH503', 'ECE-5A'),
('01173', 'Eco 1', 'Basic Economics with Agrarian Reform and Taxation', '13:00:00.000000', '14:00:00.000000', 'MWF', 'LEC', 'GH207', 'CPE-4A'),
('00591', 'Engl 3', 'Speech and Oral Communication', '17:00:00.000000', '18:30:00.000000', 'TTh', 'LEC', 'SLR', 'IT-2B'),
('00606', 'Engl 3', 'Speech and Oral Communication', '18:15:00.000000', '19:15:00.000000', 'MWF', 'LEC', 'SLR', 'IT-2A'),
('01158', 'Engl 3', 'Speech and Oral Communication', '14:00:00.000000', '15:30:00.000000', 'TTh', 'LEC', 'SLR', 'CPE-2A'),
('01156', 'ES 211', 'Computer Fundamentals and Programming', '08:00:00.000000', '11:00:00.000000', 'WF', 'LEC', 'SMART', 'CPE-2A'),
('01155', 'ES 212', 'Computer Hardware Fundamentals and Troubleshooting', '08:00:00.000000', '11:00:00.000000', 'M', 'LAB', 'CH402', 'CPE-2A'),
('01155', 'ES 212', 'Computer Hardware Fundamentals and Troubleshooting', '13:00:00.000000', '15:00:00.000000', 'S', 'LEC', 'CH402', 'CPE-2A'),
('00473', 'ES 311', 'Computer Aided Drafting', '17:00:00.000000', '20:00:00.000000', 'TTh', 'LEC', 'SMART', 'ECE-3A'),
('01167', 'ES 311', 'Computer Aided Drafting', '13:00:00.000000', '16:00:00.000000', 'M', 'LEC', 'SMART', 'CPE-3A'),
('01167', 'ES 311', 'Computer Aided Drafting', '08:00:00.000000', '11:00:00.000000', 'S', 'LAB', 'SMART', 'CPE-3A'),
('00584', 'ES 312', 'Engineering Economy', '16:00:00.000000', '17:00:00.000000', 'MWF', 'LEC', 'CH504', 'ECE-3A'),
('01171', 'ES 312', 'Engineering Economy', '17:00:00.000000', '18:30:00.000000', 'TTh', 'LEC', 'CH504', 'CPE-3A'),
('01140', 'ES 313', 'Statics of Rigid Bodies', '14:00:00.000000', '15:00:00.000000', 'MWF', 'LEC', 'CH504', 'ECE-3A'),
('01164', 'ES 313', 'Statics of Rigid Bodies', '09:00:00.000000', '10:00:00.000000', 'MWF', 'LEC', 'CH501', 'CPE-3A'),
('01168', 'ES 314', 'Object Oriented Programming', '15:00:00.000000', '18:00:00.000000', 'S', 'LEC', 'J606', 'CPE-3A'),
('01168', 'ES 314', 'Object Oriented Programming', '18:00:00.000000', '21:00:00.000000', 'S', 'LAB', 'SMART', 'CPE-3A'),
('01145', 'ES 411', 'Engineering Management', '12:30:00.000000', '14:00:00.000000', 'TTh', 'LEC', 'CH402', 'ECE-4A'),
('01174', 'ES 411', 'Engineering Management', '10:30:00.000000', '12:00:00.000000', 'TTh', 'LEC', 'CH504', 'CPE-4A'),
('01143', 'ES 412', 'Thermodynamics', '14:00:00.000000', '15:00:00.000000', 'TTh', 'LEC', 'CH402', 'ECE-4A'),
('00592', 'Fil 2', 'Pagbasa at Pagsulat Tungo sa Pananaliksik', '12:30:00.000000', '14:00:00.000000', 'TTh', 'LEC', 'PH201', 'IT-2B'),
('00371', 'Hist 1', 'Philippine History', '15:00:00.000000', '16:00:00.000000', 'MWF', 'LEC', 'PME302', 'IT-3B'),
('00465', 'Hist 1', 'Philippine History', '14:00:00.000000', '15:30:00.000000', 'TTh', 'LEC', 'PH407', 'IT-3C'),
('00493', 'Hist 1', 'Philippine History', '18:15:00.000000', '19:15:00.000000', 'MWF', 'LEC', 'GYM201', 'IT-3A'),
('01162', 'Homeroom', 'Personal Growth and Development', '15:00:00.000000', '18:00:00.000000', 'S', 'LEC', 'GYM205', 'CPE-2A'),
('00613', 'Hum 1', 'Arts Appreciation and Aesthetics', '11:00:00.000000', '12:00:00.000000', 'MWF', 'LEC', 'PH206', 'IT-2A'),
('01161', 'Hum 1', 'Arts Appreciation and Aesthetics', '12:30:00.000000', '14:00:00.000000', 'TTh', 'LEC', 'J306', 'CPE-2A'),
('00700', 'IPT 101', 'Integrative Programming and Technologies 1', '15:00:00.000000', '16:00:00.000000', 'MW', 'LEC', 'ITL1', 'IT-2A'),
('00700', 'IPT 101', 'Integrative Programming and Technologies 1', '16:00:00.000000', '17:00:00.000000', 'MWF', 'LAB', 'ITL1', 'IT-2A'),
('00491', 'IT 10', 'Web Development 1', '08:00:00.000000', '09:00:00.000000', 'MWF', 'LAB', 'ITL3', 'IT-3A'),
('00491', 'IT 10', 'Web Development 1', '08:00:00.000000', '09:00:00.000000', 'TTh', 'LEC', 'ITL3', 'IT-3A'),
('00717', 'IT 10', 'Web Development 1', '09:00:00.000000', '10:00:00.000000', 'MWF', 'LAB', 'ITL3', 'IT-3B'),
('00717', 'IT 10', 'Web Development 1', '09:00:00.000000', '10:00:00.000000', 'TTh', 'LEC', 'ITL3', 'IT-3B'),
('00718', 'IT 10', 'Web Development 1', '10:00:00.000000', '11:00:00.000000', 'MWF', 'LAB', 'ITL3', 'IT-3C'),
('00718', 'IT 10', 'Web Development 1', '10:00:00.000000', '11:00:00.000000', 'TTh', 'LEC', 'ITL3', 'IT-3C'),
('00375', 'IT 11', 'Systems Analysis and Design', '13:00:00.000000', '15:00:00.000000', 'MWF', 'LEC', 'ITL3', 'IT-3B'),
('00466', 'IT 11', 'Systems Analysis and Design', '17:15:00.000000', '19:15:00.000000', 'MWF', 'LEC', 'ITL3', 'IT-3C'),
('00496', 'IT 11', 'Systems Analysis and Design', '15:00:00.000000', '17:00:00.000000', 'MWF', 'LEC', 'ITL3', 'IT-3A'),
('00377', 'IT 12', 'Advance Database Management Systems', '10:00:00.000000', '11:00:00.000000', 'MWF', 'LEC', 'ITL2', 'IT-3B'),
('00377', 'IT 12', 'Advance Database Management Systems', '09:00:00.000000', '12:00:00.000000', 'S', 'LAB', 'ITL2', 'IT-3B'),
('00488', 'IT 12', 'Advance Database Management Systems', '09:00:00.000000', '10:00:00.000000', 'MWF', 'LEC', 'ITL2', 'IT-3A'),
('00488', 'IT 12', 'Advance Database Management Systems', '13:00:00.000000', '14:00:00.000000', 'MWF', 'LAB', 'ITL1', 'IT-3A'),
('00743', 'IT 12', 'Advance Database Management Systems', '08:00:00.000000', '09:00:00.000000', 'MWF', 'LEC', 'ITL2', 'IT-3C'),
('00743', 'IT 12', 'Advance Database Management Systems', '14:00:00.000000', '15:00:00.000000', 'MWF', 'LAB', 'ITL1', 'IT-3C'),
('00376', 'IT 13', 'Data Structures and Algorithm Analysis', '11:00:00.000000', '12:00:00.000000', 'MWF', 'LAB', 'ITL1', 'IT-3B'),
('00376', 'IT 13', 'Data Structures and Algorithm Analysis', '10:00:00.000000', '11:00:00.000000', 'TTh', 'LEC', 'ITL2', 'IT-3B'),
('00489', 'IT 13', 'Data Structures and Algorithm Analysis', '10:00:00.000000', '11:00:00.000000', 'MWF', 'LAB', 'ITL1', 'IT-3A'),
('00489', 'IT 13', 'Data Structures and Algorithm Analysis', '09:00:00.000000', '10:00:00.000000', 'TTh', 'LEC', 'ITL2', 'IT-3A'),
('00719', 'IT 13', 'Data Structures and Algorithm Analysis', '09:00:00.000000', '10:00:00.000000', 'MWF', 'LAB', 'ITL1', 'IT-3C'),
('00719', 'IT 13', 'Data Structures and Algorithm Analysis', '11:00:00.000000', '12:00:00.000000', 'TTh', 'LEC', 'ITL2', 'IT-3C'),
('00716', 'IT 19', 'Internship/OJT/Practicum (486 HRS)', '08:00:00.000000', '11:00:00.000000', 'MWF', 'LEC', 'Field', 'IT-4A'),
('00365', 'IT 20', 'Capstone Project', '16:00:00.000000', '17:00:00.000000', 'MWF', 'LEC', 'ITL2', 'IT-4A'),
('00565', 'IT 4', 'Computer System  Organization', '14:00:00.000000', '15:30:00.000000', 'TTh', 'LEC', 'ITL3', 'IT-2B'),
('00603', 'IT 5', 'Object-Oriented Programming', '13:00:00.000000', '15:00:00.000000', 'MWF', 'LEC', 'ITL2', 'IT-2B'),
('00562', 'IT 6', 'Discrete Structures', '15:00:00.000000', '16:00:00.000000', 'MWF', 'LEC', 'ITL2', 'IT-2B'),
('00563', 'IT 7', 'Database Management System 1', '09:00:00.000000', '12:00:00.000000', 'TTh', 'LEC', 'ITL1', 'IT-2B'),
('00361', 'ITElec 1', 'IT Elective 1', '17:00:00.000000', '18:30:00.000000', 'TTh', 'LEC', 'ITL3', 'IT-3B'),
('00383', 'ITElec 1', 'IT Elective 1', '18:30:00.000000', '20:00:00.000000', 'TTh', 'LEC', 'ITL3', 'IT-3C'),
('00492', 'ITElec 1', 'IT Elective 1', '19:15:00.000000', '20:15:00.000000', 'MWF', 'LEC', 'ITL3', 'IT-3A'),
('00504', 'ITPro 1', 'IT Free Elective 1', '11:00:00.000000', '12:00:00.000000', 'MWF', 'LAB', 'ITL3', 'IT-4A'),
('00504', 'ITPro 1', 'IT Free Elective 1', '11:00:00.000000', '12:00:00.000000', 'TTh', 'LEC', 'ITL3', 'IT-4A'),
('00360', 'ITPro 2', 'IT Free Elective 2', '12:30:00.000000', '14:00:00.000000', 'TTh', 'LEC', 'ITL3', 'IT-4A'),
('00370', 'Lit 2', 'World Literature', '12:30:00.000000', '14:00:00.000000', 'TTh', 'LEC', 'J201', 'IT-3B'),
('00490', 'Lit 2', 'World Literature', '10:30:00.000000', '12:00:00.000000', 'TTh', 'LEC', 'GH207', 'IT-3A'),
('00715', 'Lit 2', 'World Literature', '15:00:00.000000', '16:00:00.000000', 'MWF', 'LEC', 'TH404', 'IT-3C'),
('00605', 'Math 211 .', 'Calculus for IT', '10:00:00.000000', '11:00:00.000000', 'MWF', 'LEC', 'GH206', 'IT-2A'),
('01160', 'Math 211E', 'Probability and Statistics', '17:15:00.000000', '18:15:00.000000', 'MWF', 'LEC', 'CH503', 'CPE-2A'),
('01157', 'Math 212', 'Differential Calculus', '08:30:00.000000', '10:30:00.000000', 'TTh', 'LEC', 'CH503', 'CPE-2A'),
('01139', 'Math 311', 'Differential Equations', '13:00:00.000000', '14:00:00.000000', 'MWF', 'LEC', 'CH504', 'ECE-3A'),
('01165', 'Math 311', 'Differential Equations', '10:00:00.000000', '11:00:00.000000', 'MWF', 'LEC', 'CH501', 'CPE-3A'),
('00607', 'NS 1', 'Earth Science', '13:00:00.000000', '14:00:00.000000', 'MWF', 'LEC', 'PH403', 'IT-2A'),
('00589', 'PE 3', 'Individual and Dual Sports', '10:00:00.000000', '12:00:00.000000', 'mF', 'LEC', 'AREAB', 'IT-2B'),
('00604', 'PE 3', 'Individual and Dual Sports', '08:00:00.000000', '10:00:00.000000', 'mF', 'LEC', 'AREAA', 'IT-2A'),
('01163', 'PE 3', 'Individual and Dual Sports', '13:00:00.000000', '15:00:00.000000', 'W', 'LEC', 'AREAB', 'CPE-2A'),
('01152', 'Philo 2E', 'Moral Philosophy', '13:00:00.000000', '14:00:00.000000', 'MWF', 'LEC', 'J305', 'ECE-5A'),
('00469', 'Pol Sci 1', 'Politics and Governance with Philippine Constitution', '19:15:00.000000', '20:15:00.000000', 'MWF', 'LEC', 'GYM202', 'ECE-3A'),
('01147', 'Psy 1', 'General Psychology', '17:00:00.000000', '18:30:00.000000', 'TTh', 'LEC', 'GYM204', 'ECE-4A'),
('01175', 'Psy 1', 'General Psychology', '17:15:00.000000', '18:15:00.000000', 'MWF', 'LEC', 'J306', 'CPE-4A'),
('00569', 'Re Ed 3', 'The Church', '17:15:00.000000', '18:15:00.000000', 'MWF', 'LEC', 'GYM203', 'IT-2B'),
('00710', 'Re Ed 3', 'The Church', '17:15:00.000000', '18:15:00.000000', 'MWF', 'LEC', 'PH201', 'IT-2A'),
('01159', 'Re Ed 3', 'The Church', '11:00:00.000000', '12:00:00.000000', 'MWF', 'LEC', 'J606', 'CPE-2A'),
('00366', 'Re Ed 5', 'Liturgy and Sacraments', '14:00:00.000000', '15:30:00.000000', 'TTh', 'LEC', 'J301', 'IT-3B'),
('00384', 'Re Ed 5', 'Liturgy and Sacraments', '17:00:00.000000', '18:30:00.000000', 'TTh', 'LEC', 'CH202', 'IT-3C'),
('00475', 'Re Ed 5', 'Liturgy and Sacraments', '14:00:00.000000', '15:00:00.000000', 'MWF', 'LEC', 'PH407', 'IT-3A'),
('01138', 'Re Ed 5', 'Liturgy and Sacraments', '09:00:00.000000', '10:00:00.000000', 'MWF', 'LEC', 'PH403', 'ECE-3A'),
('01172', 'Re Ed 5', 'Liturgy and Sacraments', '18:30:00.000000', '20:00:00.000000', 'TTh', 'LEC', 'PH407', 'CPE-3A'),
('01188', 'Rizal', 'Rizal&qoute;s Life, Works and Writings', '16:00:00.000000', '17:00:00.000000', 'MWF', 'LEC', 'PH202', 'CPE-5A'),
('00367', 'CL 2', 'Electronics Spreadsheets and other Computer Application', '13:00:00.000000', '14:00:00.000000', 'MWF', 'LEC', 'CCL2', 'HRM-2A'),
('00357', 'Engl 3', 'Speech and Oral Communication', '12:30:00.000000', '14:00:00.000000', 'TTh', 'LEC', 'SLR', 'HRM-2A'),
('00401', 'Engl 6', 'Business Communication', '16:00:00.000000', '17:00:00.000000', 'MWF', 'LEC', 'PME302', 'HRM-3A'),
('00402', 'Engl 6', 'Business Communication', '17:15:00.000000', '18:15:00.000000', 'MWF', 'LEC', 'PME302', 'HRM-3B'),
('00403', 'Engl 6', 'Business Communication', '20:00:00.000000', '21:30:00.000000', 'TTh', 'LEC', 'PH205', 'HRM-3C'),
('00404', 'Engl 6', 'Business Communication', '19:15:00.000000', '20:15:00.000000', 'MWF', 'LEC', 'PME301', 'HRM-3D'),
('00892', 'FL', 'Foreign Language', '17:15:00.000000', '18:15:00.000000', 'MWF', 'LEC', 'PME404', ''),
('00895', 'FL', 'Foreign Language', '18:15:00.000000', '19:15:00.000000', 'MWF', 'LEC', 'PME404', ''),
('00406', 'History 1', 'Philippine History and Culture', '18:30:00.000000', '20:00:00.000000', 'TTh', 'LEC', 'PME301', 'HRM-3A'),
('00408', 'History 1', 'Philippine History and Culture', '17:00:00.000000', '18:30:00.000000', 'TTh', 'LEC', 'PME302', 'HRM-3B'),
('00410', 'History 1', 'Philippine History and Culture', '14:00:00.000000', '15:00:00.000000', 'MWF', 'LEC', 'PME303', 'HRM-3C'),
('00412', 'History 1', 'Philippine History and Culture', '16:00:00.000000', '17:00:00.000000', 'MWF', 'LEC', 'PME304', 'HRM-3D'),
('00884', 'HRM Prac 2', 'Practicum 2 (200 hours)', '09:00:00.000000', '12:00:00.000000', 'S', 'LEC', 'PME401', ''),
('00342', 'HRMC 3', 'Tourism Planning and Development', '08:00:00.000000', '09:00:00.000000', 'MWF', 'LEC', 'PME302', 'HRM-2A'),
('00347', 'HRMC 4', 'Culinary Arts & Services', '08:00:00.000000', '12:00:00.000000', 'mTh', 'LAB', 'PMEHK2', 'HRM-2A'),
('00347', 'HRMC 4', 'Culinary Arts & Services', '10:00:00.000000', '12:00:00.000000', 'mW', 'LEC', 'PME301', 'HRM-2A'),
('00352', 'HRMC 5', 'Total Quality Management', '20:15:00.000000', '21:15:00.000000', 'MWF', 'LEC', 'PME404', 'HRM-2A'),
('00349', 'HRMC 6', 'Entrepreneurship and Business Planning', '07:00:00.000000', '12:00:00.000000', 'S', 'LEC', 'PME402', ''),
('00421', 'HRMC 6', 'Entrepreneurship and Hospitality Research', '18:15:00.000000', '19:15:00.000000', 'MWF', 'LEC', 'PME303', 'HRM-4A'),
('00421', 'HRMC 6', 'Entrepreneurship and Hospitality Research', '17:00:00.000000', '19:00:00.000000', 'T', 'LEC', 'PME303', 'HRM-4A'),
('00422', 'HRMC 6', 'Entrepreneurship and Hospitality Research', '20:15:00.000000', '21:15:00.000000', 'MWF', 'LEC', 'PME303', 'HRM-4B'),
('00422', 'HRMC 6', 'Entrepreneurship and Hospitality Research', '19:00:00.000000', '21:00:00.000000', 'T', 'LEC', 'PME303', 'HRM-4B'),
('00885', 'HRMC 6', 'Entrepreneurship and Hospitality Research', '16:00:00.000000', '17:00:00.000000', 'MWF', 'LEC', 'PME303', ''),
('00885', 'HRMC 6', 'Entrepreneurship and Hospitality Research', '17:00:00.000000', '19:00:00.000000', 'Th', 'LAB', 'PME303', ''),
('00886', 'HRMC 6', 'Entrepreneurship and Hospitality Research', '17:15:00.000000', '18:15:00.000000', 'MWF', 'LEC', 'PME303', ''),
('00886', 'HRMC 6', 'Entrepreneurship and Hospitality Research', '19:00:00.000000', '21:00:00.000000', 'Th', 'LAB', 'PME303', ''),
('00898', 'HRMC 7', 'Events Management', '08:00:00.000000', '12:00:00.000000', 'S', 'LEC', 'PME405', ''),
('00887', 'HRMF 2', 'Baking Arts and Sciences.', '08:00:00.000000', '10:00:00.000000', 'mM', 'LEC', 'PME301', ''),
('00887', 'HRMF 2', 'Baking Arts and Sciences.', '08:00:00.000000', '11:00:00.000000', 'T', 'LAB', 'PMEBAKIN', ''),
('00888', 'HRMF 2', 'Baking Arts and Sciences.', '13:00:00.000000', '15:00:00.000000', 'F', 'LEC', 'PME402', ''),
('00888', 'HRMF 2', 'Baking Arts and Sciences.', '13:00:00.000000', '16:00:00.000000', 'S', 'LAB', 'PMEBAKIN', ''),
('00890', 'HRMF 2', 'Baking Arts and Sciences', '13:00:00.000000', '16:00:00.000000', 'T', 'LEC', 'PMEBAKIN', ''),
('00356', 'HRMF 3', 'Banquet and Catering Management', '09:00:00.000000', '10:30:00.000000', 'TTh', 'LEC', 'PME402', ''),
('00385', 'HRMF 3', 'Banquet and Catering Management', '09:00:00.000000', '10:00:00.000000', 'MWF', 'LEC', 'PME401', 'HRM-3A'),
('00386', 'HRMF 3', 'Banquet and Catering Management', '10:00:00.000000', '11:00:00.000000', 'MWF', 'LEC', 'PME401', 'HRM-3B'),
('00387', 'HRMF 3', 'Banquet and Catering Management', '11:00:00.000000', '12:00:00.000000', 'MWF', 'LEC', 'PME401', 'HRM-3C'),
('00388', 'HRMF 3', 'Banquet and Catering Management', '07:30:00.000000', '09:00:00.000000', 'TTh', 'LEC', 'PME401', 'HRM-3D'),
('00345', 'HRMF 4', 'Event and Convention Management', '13:00:00.000000', '15:00:00.000000', 'T', 'LEC', 'PME302', ''),
('00345', 'HRMF 4', 'Event and Convention Management', '13:00:00.000000', '15:00:00.000000', 'Th', 'LAB', 'PME302', ''),
('00346', 'HRMF 4', 'Event and Convention Management', '09:00:00.000000', '11:00:00.000000', 'T', 'LEC', 'PME302', ''),
('00346', 'HRMF 4', 'Event and Convention Management', '09:00:00.000000', '11:00:00.000000', 'Th', 'LEC', 'PME302', ''),
('00902', 'HRMF 4', 'Convention Management', '14:00:00.000000', '15:30:00.000000', 'TTh', 'LEC', 'PME403', ''),
('00355', 'HRMF 5', 'Hospitality Operational Management', '10:30:00.000000', '12:00:00.000000', 'TTh', 'LEC', 'PME402', ''),
('00417', 'HRMF 5', 'Hospitality Operational Management', '13:00:00.000000', '14:00:00.000000', 'MWF', 'LEC', 'PME404', 'HRM-4A'),
('00418', 'HRMF 5', 'Hospitality Operational Management', '14:00:00.000000', '15:00:00.000000', 'MWF', 'LEC', 'PME404', 'HRM-4B'),
('00900', 'HRMF 5', 'Hospitality Operational Management', '14:00:00.000000', '15:00:00.000000', 'MWF', 'LEC', 'PME403', ''),
('00901', 'HRMF 5', 'Hospitality Operational Management', '15:00:00.000000', '16:00:00.000000', 'MWF', 'LEC', 'PME403', ''),
('00419', 'HRMF 6', 'International Cuisine', '17:15:00.000000', '18:15:00.000000', 'MW', 'LEC', 'PME301', 'HRM-4A'),
('00419', 'HRMF 6', 'International Cuisine', '17:00:00.000000', '20:00:00.000000', 'Th', 'LAB', 'PMEHK1', 'HRM-4A'),
('00420', 'HRMF 6', 'International Cuisine', '13:00:00.000000', '15:00:00.000000', 'F', 'LEC', 'PME301', 'HRM-4B'),
('00420', 'HRMF 6', 'International Cuisine', '15:00:00.000000', '18:00:00.000000', 'F', 'LAB', 'PMEHK1', 'HRM-4B'),
('00881', 'HRMF 6', 'International Cuisine', '13:00:00.000000', '14:00:00.000000', 'MW', 'LEC', 'PME301', ''),
('00881', 'HRMF 6', 'International Cuisine', '13:00:00.000000', '16:00:00.000000', 'T', 'LAB', 'PMEHK1', ''),
('00882', 'HRMF 6', 'International Cuisine', '16:00:00.000000', '17:00:00.000000', 'MW', 'LEC', 'PME301', ''),
('00882', 'HRMF 6', 'International Cuisine', '17:00:00.000000', '20:00:00.000000', 'T', 'LAB', 'PMEHK1', ''),
('00883', 'HRMF 6', 'International Cuisine', '14:00:00.000000', '15:00:00.000000', 'MW', 'LEC', 'PME301', ''),
('00883', 'HRMF 6', 'International Cuisine', '13:00:00.000000', '16:00:00.000000', 'Th', 'LAB', 'PMEHK1', ''),
('00889', 'HRMF 6', 'International Cuisine', '15:00:00.000000', '18:00:00.000000', 'F', 'LAB', 'PMEHK2', ''),
('00889', 'HRMF 6', 'International Cuisine', '13:00:00.000000', '15:00:00.000000', 'Th', 'LEC', 'PME405', ''),
('00896', 'HRMM 2', 'Food and Beverage Service Procedure', '13:00:00.000000', '14:00:00.000000', 'MWF', 'LEC', 'PME405', ''),
('00896', 'HRMM 2', 'Food and Beverage Service Procedure', '13:00:00.000000', '16:00:00.000000', 'T', 'LAB', 'PME301', ''),
('00897', 'HRMM 2', 'Food and Beverage Service Procedure', '16:00:00.000000', '17:00:00.000000', 'MWF', 'LEC', 'PME405', ''),
('00897', 'HRMM 2', 'Food and Beverage Service Procedure', '13:00:00.000000', '16:00:00.000000', 'Th', 'LAB', 'PME301', ''),
('00350', 'HRMM 3', 'Front Office Procedure', '13:00:00.000000', '15:00:00.000000', 'M', 'LEC', 'PME304', ''),
('00350', 'HRMM 3', 'Front Office Procedure', '13:00:00.000000', '15:00:00.000000', 'W', 'LAB', 'PME304', ''),
('00351', 'HRMM 3', 'Front Office Procedure', '13:00:00.000000', '15:00:00.000000', 'F', 'LAB', 'PME304', ''),
('00351', 'HRMM 3', 'Front Office Procedure', '15:00:00.000000', '16:00:00.000000', 'MW', 'LEC', 'PME304', ''),
('00389', 'HRMM 4', 'Rooms, Division Management and Control System', '12:30:00.000000', '14:00:00.000000', 'TTh', 'LEC', 'PME304', 'HRM-3A'),
('00390', 'HRMM 4', 'Rooms, Division Management and Control System', '14:00:00.000000', '15:30:00.000000', 'TTh', 'LEC', 'PME304', 'HRM-3B'),
('00391', 'HRMM 4', 'Rooms, Division Management and Control System', '17:00:00.000000', '18:30:00.000000', 'TTh', 'LEC', 'PME304', 'HRM-3C'),
('00392', 'HRMM 4', 'Rooms, Division Management and Control System', '17:15:00.000000', '18:15:00.000000', 'MWF', 'LEC', 'PME304', 'HRM-3D'),
('00393', 'HRMM 5', 'Food and Beverage Control Stystem', '11:00:00.000000', '12:00:00.000000', 'MWF', 'LEC', 'PME302', 'HRM-3A'),
('00394', 'HRMM 5', 'Food and Beverage Control Stystem', '09:00:00.000000', '10:00:00.000000', 'MWF', 'LEC', 'PME302', 'HRM-3B'),
('00395', 'HRMM 5', 'Food and Beverage Control Stystem', '13:00:00.000000', '14:00:00.000000', 'MWF', 'LEC', 'PME302', 'HRM-3C'),
('00396', 'HRMM 5', 'Food and Beverage Control Stystem', '14:00:00.000000', '15:00:00.000000', 'MWF', 'LEC', 'PME302', 'HRM-3D'),
('00899', 'HRMM 5.', 'Front Office Procedure', '09:00:00.000000', '10:30:00.000000', 'TTh', 'LEC', 'PME403', ''),
('00899', 'HRMM 5.', 'Front Office Procedure', '10:30:00.000000', '12:00:00.000000', 'TTh', 'LAB', 'PME403', ''),
('00891', 'HRMM 6', 'Banquet Function ad Catering Service Procedure', '12:30:00.000000', '14:00:00.000000', 'TTh', 'LEC', 'PME501', ''),
('00891', 'HRMM 6', 'Banquet Function ad Catering Service Procedure', '14:00:00.000000', '15:30:00.000000', 'TTh', 'LAB', 'PME501', ''),
('00893', 'HRMM 6', 'Banquet Function ad Catering Service Procedure', '18:30:00.000000', '21:30:00.000000', 'T', 'LEC', 'PME404', ''),
('00893', 'HRMM 6', 'Banquet Function ad Catering Service Procedure', '18:30:00.000000', '21:30:00.000000', 'Th', 'LAB', 'PME404', ''),
('00894', 'HRMM 6', 'Banquet Function ad Catering Service Procedure', '09:00:00.000000', '12:00:00.000000', 'S', 'LEC', 'PME404', ''),
('00894', 'HRMM 6', 'Banquet Function ad Catering Service Procedure', '13:00:00.000000', '16:00:00.000000', 'S', 'LAB', 'PME404', ''),
('00429', 'Law 1', 'Obligations and Contracts', '20:15:00.000000', '21:15:00.000000', 'MWF', 'LEC', 'CH302', 'HRM-4A'),
('00430', 'Law 1', 'Obligations and Contracts', '19:15:00.000000', '20:15:00.000000', 'MWF', 'LEC', 'CH203', 'HRM-4B'),
('00423', 'Lit 1', 'Philippine Literature', '14:00:00.000000', '15:00:00.000000', 'MWF', 'LEC', 'PME401', 'HRM-4A'),
('00424', 'Lit 1', 'Philippine Literature', '14:00:00.000000', '15:30:00.000000', 'TTh', 'LEC', 'PME502', 'HRM-4B'),
('00413', 'Math 8', 'Business Statistics', '14:00:00.000000', '15:30:00.000000', 'TTh', 'LEC', 'PME404', 'HRM-3A'),
('00414', 'Math 8', 'Business Statistics', '12:30:00.000000', '14:00:00.000000', 'TTh', 'LEC', 'PME303', 'HRM-3B'),
('00415', 'Math 8', 'Business Statistics', '09:00:00.000000', '10:00:00.000000', 'MWF', 'LEC', 'PME304', 'HRM-3C'),
('00416', 'Math 8', 'Business Statistics', '09:00:00.000000', '10:30:00.000000', 'TTh', 'LEC', 'PME301', 'HRM-3D'),
('00397', 'Mktg 1', 'Principles of Marketing', '18:15:00.000000', '19:15:00.000000', 'MWF', 'LEC', 'PME301', 'HRM-3D'),
('00399', 'Mktg 1', 'Principles of Marketing', '18:30:00.000000', '20:00:00.000000', 'TTh', 'LEC', 'PME501', 'HRM-3C'),
('00378', 'NSTP 1C', 'National Service Training Program 1 (CWTS-Non PCG)', '08:00:00.000000', '11:00:00.000000', 'S', 'LEC', 'PME304', 'HRM-2A'),
('00380', 'PE 3', 'Individual and Dual Sports', '10:00:00.000000', '12:00:00.000000', 'mF', 'LEC', 'AREAA', 'HRM-2A'),
('00425', 'Pol Sci 1', 'Politics and Governance with Philippine Constitution', '20:00:00.000000', '21:30:00.000000', 'TTh', 'LEC', 'PME302', 'HRM-4A'),
('00426', 'Pol Sci 1', 'Politics and Governance with Philippine Constitution', '17:00:00.000000', '18:30:00.000000', 'TTh', 'LEC', 'PME401', 'HRM-4B'),
('00372', 'Re Ed 3', 'The Church', '14:00:00.000000', '15:30:00.000000', 'TTh', 'LEC', 'PME303', 'HRM-2A'),
('00405', 'Re Ed 5', 'Liturgy and Sacraments', '08:00:00.000000', '09:00:00.000000', 'MWF', 'LEC', 'PME303', 'HRM-3A'),
('00407', 'Re Ed 5', 'Liturgy and Sacraments', '13:00:00.000000', '14:00:00.000000', 'MWF', 'LEC', 'PME303', 'HRM-3B'),
('00409', 'Re Ed 5', 'Liturgy and Sacraments', '10:00:00.000000', '11:00:00.000000', 'MWF', 'LEC', 'PME302', 'HRM-3C'),
('00411', 'Re Ed 5', 'Liturgy and Sacraments', '10:30:00.000000', '12:00:00.000000', 'TTh', 'LEC', 'PME301', 'HRM-3D'),
('00362', 'Rizal', 'Life Works of Rizal', '09:00:00.000000', '10:00:00.000000', 'MWF', 'LEC', 'PME303', 'HRM-2A'),
('00427', 'Tax 1', 'Income Taxation', '19:15:00.000000', '20:15:00.000000', 'MWF', 'LEC', 'CH302', 'HRM-4A'),
('00428', 'Tax 1', 'Income Taxation', '18:15:00.000000', '19:15:00.000000', 'MWF', 'LEC', 'CH302', 'HRM-4B'),
('00785', 'AS 3M', 'Office Management', '08:00:00.000000', '09:00:00.000000', 'M', 'LEC', 'PH201', 'BSMT-21M1'),
('00799', 'AS 3M', 'Office Management', '08:00:00.000000', '09:00:00.000000', 'M', 'LEC', 'PH202', 'BSMT-21M2'),
('00327', 'AS 4M', 'Personality Development', '08:00:00.000000', '09:00:00.000000', 'M', 'LEC', 'PH206', 'BSMT-22M1'),
('00339', 'AS 4M', 'Personality Development', '08:00:00.000000', '09:00:00.000000', 'M', 'LEC', 'PH203', 'BSMT-22M2'),
('00326', 'D Watch 2M', 'Deck Watch keeping', '10:30:00.000000', '11:30:00.000000', 'Th', 'LAB', 'PH203', 'BSMT-22M2'),
('00326', 'D Watch 2M', 'Deck Watch keeping', '07:30:00.000000', '09:00:00.000000', 'TTh', 'LEC', 'PH203', 'BSMT-22M2'),
('00344', 'D Watch 2M', 'Deck Watch keeping', '10:30:00.000000', '11:30:00.000000', 'T', 'LAB', 'PH203', 'BSMT-22M2'),
('00344', 'D Watch 2M', 'Deck Watch keeping', '07:30:00.000000', '09:00:00.000000', 'TTh', 'LEC', 'PH203', 'BSMT-22M2'),
('00309', 'D-watch 1m', 'Collision Regulation', '09:00:00.000000', '10:30:00.000000', 'TTh', 'LEC', 'PH202', 'BSMT-21M2'),
('00309', 'D-watch 1m', 'Collision Regulation', '10:30:00.000000', '12:00:00.000000', 'TTh', 'LAB', 'PH202', 'BSMT-21M2'),
('00311', 'D-watch 1m', 'Collision Regulation', '09:00:00.000000', '10:30:00.000000', 'TTh', 'LEC', 'PH202', 'BSMT-21M2'),
('00311', 'D-watch 1m', 'Collision Regulation', '14:00:00.000000', '15:30:00.000000', 'TTh', 'LEC', 'PH202', 'BSMT-21M2'),
('00792', 'D-watch 1m', 'Collision Regulation', '09:00:00.000000', '10:00:00.000000', 'MWF', 'LEC', 'PH201', 'BSMT-21M1'),
('00792', 'D-watch 1m', 'Collision Regulation', '11:00:00.000000', '12:00:00.000000', 'MWF', 'LAB', 'J403', 'BSMT-21M1'),
('00795', 'D-watch 1m', 'Collision Regulation', '09:00:00.000000', '10:00:00.000000', 'MWF', 'LEC', 'PH201', 'BSMT-21M1'),
('00795', 'D-watch 1m', 'Collision Regulation', '10:00:00.000000', '11:00:00.000000', 'MWF', 'LAB', 'J403', 'BSMT-21M1'),
('00320', 'D-watch 2m', 'Deck Watch keeping', '15:00:00.000000', '16:00:00.000000', 'M', 'LAB', 'J403', 'BSMT-22M1'),
('00320', 'D-watch 2m', 'Deck Watch keeping', '13:00:00.000000', '14:00:00.000000', 'MWF', 'LEC', 'PH204', 'BSMT-22M1'),
('00322', 'D-watch 2m', 'Deck Watch keeping', '13:00:00.000000', '14:00:00.000000', 'MWF', 'LEC', 'PH204', 'BSMT-22M1'),
('00322', 'D-watch 2m', 'Deck Watch keeping', '15:00:00.000000', '16:00:00.000000', 'W', 'LAB', 'J403', 'BSMT-22M1'),
('00314', 'Engl 3m', 'Speech Communications w/ IMO SMCP', '11:00:00.000000', '12:00:00.000000', 'MWF', 'LEC', 'PH202', 'BSMT-21M2'),
('00789', 'Engl 3M', 'Speech Communications w/ IMO SMCP', '14:00:00.000000', '15:00:00.000000', 'MWF', 'LEC', 'PH201', 'BSMT-21M1'),
('00325', 'Engl 4m', 'Research and Thesis Writing', '18:15:00.000000', '19:15:00.000000', 'MWF', 'LEC', 'PH204', 'BSMT-22M1'),
('00328', 'Engl 4m', 'Research and Thesis Writing', '13:00:00.000000', '14:00:00.000000', 'MWF', 'LEC', 'CH405', 'BSMT-22M2'),
('00434', 'Mar Env.', 'Marine Environmental Protection', '13:00:00.000000', '14:15:00.000000', 'ThF', 'LEC', 'PH205', 'BSMT-31M1'),
('00439', 'Mar Env.', 'Marine Environmental Protection', '13:00:00.000000', '14:15:00.000000', 'MTW', 'LEC', 'PH205', 'BSMT-31M2'),
('00479', 'Mar Env.', 'Marine Environmental Protection', '13:00:00.000000', '14:15:00.000000', 'ThF', 'LEC', 'PH206', 'BSMT-31M3'),
('00447', 'Mar Pow.', 'Basic Marine Engineering', '16:30:00.000000', '18:00:00.000000', 'MTW', 'LEC', 'PH206', 'BSMT-31M3'),
('00471', 'Mar Pow.', 'Basic Marine Engineering', '09:00:00.000000', '10:30:00.000000', 'ThF', 'LEC', 'PH204', 'BSMT-31M2'),
('00484', 'Mar Pow.', 'Basic Marine Engineering', '09:00:00.000000', '10:30:00.000000', 'MTW', 'LEC', 'PH205', 'BSMT-31M1'),
('00436', 'MarCom', 'Maritime Communication', '10:30:00.000000', '11:45:00.000000', 'ThF', 'LAB', 'GH505', 'BSMT-31M1'),
('00436', 'MarCom', 'Maritime Communication', '20:15:00.000000', '21:15:00.000000', 'ThF', 'LEC', 'PH205', 'BSMT-31M1'),
('00449', 'MarCom', 'Maritime Communication', '08:15:00.000000', '09:15:00.000000', 'MTW', 'LEC', 'PH204', 'BSMT-31M2'),
('00449', 'MarCom', 'Maritime Communication', '10:30:00.000000', '11:45:00.000000', 'MTW', 'LAB', 'PH204', 'BSMT-31M2'),
('00450', 'MarCom', 'Maritime Communication', '08:15:00.000000', '09:15:00.000000', 'ThF', 'LEC', 'PH205', 'BSMT-31M1'),
('00450', 'MarCom', 'Maritime Communication', '21:15:00.000000', '10:30:00.000000', 'ThF', 'LAB', 'GH505', 'BSMT-31M1'),
('00477', 'MarCom', 'Maritime Communication', '08:15:00.000000', '09:15:00.000000', 'MTW', 'LEC', 'PH204', 'BSMT-31M2'),
('00477', 'MarCom', 'Maritime Communication', '09:15:00.000000', '10:30:00.000000', 'MTW', 'LAB', 'PH204', 'BSMT-31M2'),
('00480', 'MarCom', 'Maritime Communication', '14:15:00.000000', '15:15:00.000000', 'ThF', 'LEC', 'PH206', 'BSMT-31M3'),
('00480', 'MarCom', 'Maritime Communication', '15:15:00.000000', '16:30:00.000000', 'ThF', 'LAB', 'PH206', 'BSMT-31M3'),
('00497', 'MarCom', 'Maritime Communication', '14:15:00.000000', '15:15:00.000000', 'ThF', 'LEC', 'PH206', 'BSMT-31M3'),
('00497', 'MarCom', 'Maritime Communication', '16:30:00.000000', '17:45:00.000000', 'ThF', 'LAB', 'PH206', 'BSMT-31M3'),
('00435', 'MarLaw', 'Maritime Law (w/ PMRR)', '07:30:00.000000', '09:00:00.000000', 'MTW', 'LEC', 'PH205', 'BSMT-31M1'),
('00451', 'MarLaw', 'Maritime Law (w/ PMRR)', '07:30:00.000000', '09:00:00.000000', 'ThF', 'LEC', 'PH204', 'BSMT-31M2'),
('00470', 'MarLaw', 'Maritime Law (w/ PMRR)', '15:00:00.000000', '16:30:00.000000', 'MTW', 'LEC', 'PH206', 'BSMT-31M3'),
('00308', 'Math 4M', 'Analytic Geometry', '12:30:00.000000', '14:00:00.000000', 'TTh', 'LEC', 'PH202', 'BSMT-21M2'),
('00788', 'Math 4M', 'Analytic Geometry', '13:00:00.000000', '14:00:00.000000', 'MWF', 'LEC', 'PH201', 'BSMT-21M1'),
('00324', 'Math 5M', 'Statistics and Mathematical Analysis', '19:15:00.000000', '20:15:00.000000', 'MWF', 'LEC', 'PH204', 'BSMT-22M1'),
('00334', 'Math 5M', 'Statistics and Mathematical Analysis', '14:00:00.000000', '15:00:00.000000', 'MWF', 'LEC', 'PH203', 'BSMT-22M2'),
('00442', 'Met-01', 'Meteorology and Oceanography 1', '15:00:00.000000', '17:00:00.000000', 'ThF', 'LEC', 'PH205', 'BSMT-31M2'),
('00448', 'Met-01', 'Meteorology and Oceanography 1', '13:00:00.000000', '15:00:00.000000', 'MTW', 'LEC', 'PH206', 'BSMT-31M3'),
('00463', 'Met-01', 'Meteorology and Oceanography 1', '15:00:00.000000', '17:00:00.000000', 'MTW', 'LEC', 'PH205', 'BSMT-31M1'),
('00310', 'Nat Sci 2M', 'Applied Physics', '08:00:00.000000', '09:00:00.000000', 'TTh', 'LEC', 'PH202', 'BSMT-21M2'),
('00310', 'Nat Sci 2M', 'Applied Physics', '14:00:00.000000', '15:30:00.000000', 'TTh', 'LAB', 'PLR1', 'BSMT-21M2'),
('00316', 'Nat Sci 2M', 'Applied Physics', '08:00:00.000000', '09:00:00.000000', 'TTh', 'LEC', 'PH202', 'BSMT-21M2'),
('00316', 'Nat Sci 2M', 'Applied Physics', '10:30:00.000000', '12:00:00.000000', 'TTh', 'LAB', 'PLR1', 'BSMT-21M2'),
('00786', 'Nat Sci 2M', 'Applied Physics', '10:00:00.000000', '11:00:00.000000', 'MWF', 'LAB', 'PLR1', 'BSMT-21M1'),
('00786', 'Nat Sci 2M', 'Applied Physics', '08:00:00.000000', '09:00:00.000000', 'WF', 'LEC', 'PH201', 'BSMT-21M1'),
('00794', 'Nat Sci 2M', 'Applied Physics', '11:00:00.000000', '12:00:00.000000', 'MWF', 'LAB', 'PLR1', 'BSMT-21M1'),
('00794', 'Nat Sci 2M', 'Applied Physics', '08:00:00.000000', '09:00:00.000000', 'WF', 'LEC', 'PH201', 'BSMT-21M1'),
('00333', 'Nat Sci 3M', 'General Chemistry', '09:00:00.000000', '10:00:00.000000', 'MWF', 'LEC', 'PH203', 'BSMT-22M2'),
('00333', 'Nat Sci 3M', 'General Chemistry', '11:00:00.000000', '12:00:00.000000', 'MWF', 'LAB', 'CLR1', 'BSMT-22M2'),
('00348', 'Nat Sci 3M', 'General Chemistry', '14:00:00.000000', '15:00:00.000000', 'TTh', 'LEC', 'PH204', 'BSMT-22M1'),
('00348', 'Nat Sci 3M', 'General Chemistry', '17:00:00.000000', '18:30:00.000000', 'TTh', 'LAB', 'PLR1', 'BSMT-22M1'),
('00353', 'Nat Sci 3M', 'General Chemistry', '14:00:00.000000', '15:00:00.000000', 'TTh', 'LEC', 'PH204', 'BSMT-22M1'),
('00353', 'Nat Sci 3M', 'General Chemistry', '18:30:00.000000', '20:00:00.000000', 'TTh', 'LAB', 'PLR1', 'BSMT-22M1'),
('00369', 'Nat Sci 3M', 'General Chemistry', '09:00:00.000000', '10:00:00.000000', 'MWF', 'LEC', 'PH203', 'BSMT-22M2'),
('00369', 'Nat Sci 3M', 'General Chemistry', '10:00:00.000000', '11:00:00.000000', 'MWF', 'LAB', 'CLR1', 'BSMT-22M2'),
('00313', 'Nav 3M', 'Terrestrial and Coastal Navigation 2', '10:00:00.000000', '11:00:00.000000', 'MWF', 'LEC', 'PH202', 'BSMT-21M2'),
('00313', 'Nav 3M', 'Terrestrial and Coastal Navigation 2', '13:00:00.000000', '15:00:00.000000', 'MWF', 'LAB', 'Simulator', 'BSMT-21M2'),
('00315', 'Nav 3M', 'Terrestrial and Coastal Navigation 2', '10:00:00.000000', '11:00:00.000000', 'MWF', 'LEC', 'PH202', 'BSMT-21M2'),
('00315', 'Nav 3M', 'Terrestrial and Coastal Navigation 2', '15:00:00.000000', '17:00:00.000000', 'MWF', 'LAB', 'Simulator', 'BSMT-21M2'),
('00787', 'Nav 3M', 'Terrestrial and Coastal Navigation 2', '09:00:00.000000', '10:30:00.000000', 'TTh', 'LEC', 'PH201', 'BSMT-21M1'),
('00787', 'Nav 3M', 'Terrestrial and Coastal Navigation 2', '10:30:00.000000', '12:00:00.000000', 'TTh', 'LAB', 'Simulator', 'BSMT-21M1'),
('00787', 'Nav 3M', 'Terrestrial and Coastal Navigation 2', '12:30:00.000000', '14:00:00.000000', 'TTh', 'LAB', 'Simulator', 'BSMT-21M1'),
('00796', 'Nav 3M', 'Terrestrial and Coastal Navigation 2', '08:00:00.000000', '12:00:00.000000', 'S', 'LAB', 'Simulator', 'BSMT-21M1'),
('00796', 'Nav 3M', 'Terrestrial and Coastal Navigation 2', '13:00:00.000000', '15:00:00.000000', 'S', 'LAB', 'Simulator', 'BSMT-21M1'),
('00796', 'Nav 3M', 'Terrestrial and Coastal Navigation 2', '09:00:00.000000', '10:30:00.000000', 'TTh', 'LEC', 'PH201', 'BSMT-21M1'),
('00340', 'Nav 4M', 'Celestial Navigation', '10:00:00.000000', '11:00:00.000000', 'MWF', 'LAB', 'J305', 'BSMT-22M2'),
('00340', 'Nav 4M', 'Celestial Navigation', '08:00:00.000000', '09:00:00.000000', 'WF', 'LEC', 'PH203', 'BSMT-22M2'),
('00343', 'Nav 4M', 'Celestial Navigation', '13:00:00.000000', '14:00:00.000000', 'TTh', 'LEC', 'PH204', 'BSMT-22M1'),
('00343', 'Nav 4M', 'Celestial Navigation', '18:30:00.000000', '20:00:00.000000', 'TTh', 'LAB', 'GH505', 'BSMT-22M1'),
('00359', 'Nav 4M', 'Celestial Navigation', '11:00:00.000000', '12:00:00.000000', 'MWF', 'LAB', 'J305', 'BSMT-22M2'),
('00359', 'Nav 4M', 'Celestial Navigation', '08:00:00.000000', '09:00:00.000000', 'WF', 'LEC', 'PH203', 'BSMT-22M2'),
('00381', 'Nav 4M', 'Celestial Navigation', '13:00:00.000000', '14:00:00.000000', 'TTh', 'LEC', 'PH204', 'BSMT-22M1'),
('00381', 'Nav 4M', 'Celestial Navigation', '17:00:00.000000', '18:30:00.000000', 'TTh', 'LAB', 'GH505', 'BSMT-22M1'),
('00318', 'Nav 5M', 'Operational Use of Radar/ ARPA', '17:15:00.000000', '18:15:00.000000', 'MW', 'LEC', 'PH204', 'BSMT-22M1'),
('00318', 'Nav 5M', 'Operational Use of Radar/ ARPA', '08:00:00.000000', '11:00:00.000000', 'S', 'LAB', 'BriefngRm', 'BSMT-22M1'),
('00332', 'Nav 5M', 'Operational Use of Radar/ ARPA', '13:00:00.000000', '14:00:00.000000', 'TTh', 'LEC', 'PH203', 'BSMT-22M2'),
('00332', 'Nav 5M', 'Operational Use of Radar/ ARPA', '17:00:00.000000', '18:30:00.000000', 'TTh', 'LAB', 'Simulator', 'BSMT-22M2'),
('00337', 'Nav 5M', 'Operational Use of Radar/ ARPA', '13:00:00.000000', '14:00:00.000000', 'TTh', 'LEC', 'PH203', 'BSMT-22M2'),
('00337', 'Nav 5M', 'Operational Use of Radar/ ARPA', '14:00:00.000000', '15:30:00.000000', 'TTh', 'LAB', 'Simulator', 'BSMT-22M2'),
('00368', 'Nav 5M', 'Operational Use of Radar/ ARPA', '17:15:00.000000', '18:15:00.000000', 'MW', 'LEC', 'PH204', 'BSMT-22M1'),
('00368', 'Nav 5M', 'Operational Use of Radar/ ARPA', '12:00:00.000000', '15:00:00.000000', 'S', 'LAB', 'BriefngRm', 'BSMT-22M1'),
('00331', 'Nav 6M', 'Operational Use of ECDIS', '07:00:00.000000', '08:15:00.000000', 'MW', 'LAB', 'BriefngRm', 'BSMT-31M2'),
('00331', 'Nav 6M', 'Operational Use of ECDIS', '07:00:00.000000', '08:00:00.000000', 'T', 'LEC', 'PH204', 'BSMT-31M2'),
('00445', 'Nav 6M', 'Operational Use of ECDIS', '17:45:00.000000', '18:45:00.000000', 'ThF', 'LEC', 'PH206', 'BSMT-31M3'),
('00445', 'Nav 6M', 'Operational Use of ECDIS', '18:45:00.000000', '20:00:00.000000', 'ThF', 'LAB', 'BriefngRm', 'BSMT-31M3'),
('00461', 'Nav 6M', 'Operational Use of ECDIS', '09:00:00.000000', '12:00:00.000000', 'S', 'LAB', 'GH505', 'BSMT-31M1'),
('00461', 'Nav 6M', 'Operational Use of ECDIS', '13:00:00.000000', '15:00:00.000000', 'S', 'LAB', 'GH505', 'BSMT-31M1'),
('00461', 'Nav 6M', 'Operational Use of ECDIS', '07:00:00.000000', '08:00:00.000000', 'Th', 'LEC', 'PH205', 'BSMT-31M1'),
('00462', 'Nav 6M', 'Operational Use of ECDIS', '07:00:00.000000', '08:15:00.000000', 'FS', 'LAB', 'GH505', 'BSMT-31M1'),
('00462', 'Nav 6M', 'Operational Use of ECDIS', '07:00:00.000000', '08:00:00.000000', 'Th', 'LEC', 'PH205', 'BSMT-31M1'),
('00478', 'Nav 6M', 'Operational Use of ECDIS', '09:00:00.000000', '12:00:00.000000', 'S', 'LAB', 'GH505', 'BSMT-31M2'),
('00478', 'Nav 6M', 'Operational Use of ECDIS', '13:00:00.000000', '15:00:00.000000', 'S', 'LAB', 'GH505', 'BSMT-31M2'),
('00478', 'Nav 6M', 'Operational Use of ECDIS', '07:00:00.000000', '08:00:00.000000', 'T', 'LEC', 'PH204', 'BSMT-31M2'),
('00499', 'Nav 6M', 'Operational Use of ECDIS', '17:45:00.000000', '18:45:00.000000', 'ThF', 'LEC', 'PH206', 'BSMT-31M3'),
('00499', 'Nav 6M', 'Operational Use of ECDIS', '20:00:00.000000', '21:15:00.000000', 'ThF', 'LAB', 'BriefngRm', 'BSMT-31M3'),
('00317', 'PE 3M', 'Dual Sports', '08:00:00.000000', '10:00:00.000000', 'S', 'LEC', 'PH202', 'BSMT-21M2'),
('00790', 'PE 3M', 'Dual Sports', '15:00:00.000000', '17:00:00.000000', 'S', 'LEC', 'PH201', 'BSMT-21M1'),
('00323', 'PE 4M', 'Team Sports', '15:00:00.000000', '17:00:00.000000', 'F', 'LEC', 'AREAA', 'BSMT-22M1'),
('00354', 'PE 4M', 'Team Sports', '16:00:00.000000', '18:00:00.000000', 'M', 'LEC', 'AREAB', 'BSMT-22M2');
INSERT INTO `subjectoffer` (`subjectOfferNo`, `subjectCode`, `description`, `timeStart`, `timeEnd`, `day`, `leclab`, `room`, `section`) VALUES
('00321', 'Re Ed 4M', 'Christian Morality', '12:00:00.000000', '15:00:00.000000', 'S', 'LEC', 'PH202', 'BSMT-21M2'),
('00793', 'Re Ed 4M', 'Christian Morality', '07:30:00.000000', '09:00:00.000000', 'TTh', 'LEC', 'PH201', 'BSMT-21M1'),
('00319', 'Re Ed 5M', 'Liturgy and Sacraments', '20:15:00.000000', '21:15:00.000000', 'MWF', 'LEC', 'PH204', 'BSMT-22M1'),
('00335', 'Re Ed 5M', 'Liturgy and Sacraments', '15:00:00.000000', '16:00:00.000000', 'MWF', 'LEC', 'PH203', 'BSMT-22M2'),
('00358', 'Safety 1m', 'Basic Training (w/ BT Certificate)', '16:00:00.000000', '17:00:00.000000', 'S', 'LEC', 'MTC', 'BSMT-22M1'),
('00373', 'Safety 1m', 'Basic Training (w/ BT Certificate)', '13:00:00.000000', '14:00:00.000000', 'S', 'LEC', 'MTC', 'BSMT-22M2'),
('00312', 'Seam 2b', 'Trim, Stability and Stress 2', '17:00:00.000000', '20:00:00.000000', 'TTh', 'LEC', 'PH202', 'BSMT-21M2'),
('00791', 'Seam 2b', 'Trim, Stability and Stress 2', '15:00:00.000000', '17:00:00.000000', 'MWF', 'LEC', 'PH201', 'BSMT-21M1'),
('00329', 'Seam 3M', 'Cargo Handling and Stowage - (Non Dangerous Goods)', '15:00:00.000000', '16:00:00.000000', 'M', 'LAB', 'J304', 'BSMT-22M1'),
('00329', 'Seam 3M', 'Cargo Handling and Stowage - (Non Dangerous Goods)', '14:00:00.000000', '15:00:00.000000', 'MWF', 'LEC', 'PH204', 'BSMT-22M1'),
('00330', 'Seam 3M', 'Cargo Handling and Stowage - (Non Dangerous Goods)', '14:00:00.000000', '15:00:00.000000', 'MWF', 'LEC', 'PH204', 'BSMT-22M1'),
('00330', 'Seam 3M', 'Cargo Handling and Stowage - (Non Dangerous Goods)', '15:00:00.000000', '16:00:00.000000', 'W', 'LAB', 'J304', 'BSMT-22M1'),
('00336', 'Seam 3M', 'Cargo Handling and Stowage - (Non Dangerous Goods)', '10:30:00.000000', '11:30:00.000000', 'Th', 'LAB', 'GH506', 'BSMT-22M2'),
('00336', 'Seam 3M', 'Cargo Handling and Stowage - (Non Dangerous Goods)', '09:00:00.000000', '10:30:00.000000', 'TTh', 'LEC', 'PH203', 'BSMT-22M2'),
('00363', 'Seam 3M', 'Cargo Handling and Stowage - (Non Dangerous Goods)', '10:30:00.000000', '11:30:00.000000', 'T', 'LAB', 'GH506', 'BSMT-22M2'),
('00363', 'Seam 3M', 'Cargo Handling and Stowage - (Non Dangerous Goods)', '09:00:00.000000', '10:30:00.000000', 'TTh', 'LEC', 'PH203', 'BSMT-22M2'),
('00364', 'Seam 4M', 'Cargo Handling and Stowage (Dangerous and Inspection', '14:00:00.000000', '15:00:00.000000', 'Th', 'LAB', 'GH506', 'BSMT-31M2'),
('00364', 'Seam 4M', 'Cargo Handling and Stowage (Dangerous and Inspection', '10:30:00.000000', '11:45:00.000000', 'ThF', 'LEC', 'PH204', 'BSMT-31M2'),
('00379', 'Seam 4M', 'Cargo Handling and Stowage (Dangerous and Inspection', '13:00:00.000000', '14:00:00.000000', 'Th', 'LAB', 'GH506', 'BSMT-31M2'),
('00379', 'Seam 4M', 'Cargo Handling and Stowage (Dangerous and Inspection', '10:30:00.000000', '11:45:00.000000', 'ThF', 'LEC', 'PH204', 'BSMT-31M2'),
('00446', 'Seam 4M', 'Cargo Handling and Stowage (Dangerous and Inspection', '18:00:00.000000', '19:15:00.000000', 'MTW', 'LEC', 'PH206', 'BSMT-31M3'),
('00446', 'Seam 4M', 'Cargo Handling and Stowage (Dangerous and Inspection', '19:15:00.000000', '20:15:00.000000', 'T', 'LAB', 'GH506', 'BSMT-31M3'),
('00481', 'Seam 4M', 'Cargo Handling and Stowage (Dangerous and Inspection', '18:00:00.000000', '19:15:00.000000', 'MTW', 'LEC', 'PH206', 'BSMT-31M3'),
('00481', 'Seam 4M', 'Cargo Handling and Stowage (Dangerous and Inspection', '20:15:00.000000', '21:15:00.000000', 'T', 'LAB', 'GH506', 'BSMT-31M3'),
('00482', 'Seam 4M', 'Cargo Handling and Stowage (Dangerous and Inspection', '10:30:00.000000', '11:45:00.000000', 'MTW', 'LEC', 'PH205', 'BSMT-31M1'),
('00482', 'Seam 4M', 'Cargo Handling and Stowage (Dangerous and Inspection', '14:00:00.000000', '15:00:00.000000', 'T', 'LEC', 'GH506', 'BSMT-31M1'),
('00483', 'Seam 4M', 'Cargo Handling and Stowage (Dangerous and Inspection', '10:30:00.000000', '11:45:00.000000', 'MTW', 'LEC', 'PH205', 'BSMT-31M1'),
('00483', 'Seam 4M', 'Cargo Handling and Stowage (Dangerous and Inspection', '13:00:00.000000', '14:00:00.000000', 'T', 'LAB', 'GH506', 'BSMT-31M1'),
('00797', 'Soc Sci 3M', 'General Psychology w/ PADAMS', '14:00:00.000000', '15:30:00.000000', 'TTh', 'LEC', 'PH201', 'BSMT-21M1'),
('00798', 'Soc Sci 3M', 'General Psychology w/ PADAMS', '09:00:00.000000', '10:00:00.000000', 'MWF', 'LEC', 'PH202', 'BSMT-21M2'),
('00503', 'Bio 2P', 'Neuro Anatomy and Physiology (NS Elective 4)', '08:00:00.000000', '10:00:00.000000', 'MWF', 'LAB', 'BLR1', 'PSY-2A'),
('00503', 'Bio 2P', 'Neuro Anatomy and Physiology (NS Elective 4)', '07:30:00.000000', '09:00:00.000000', 'TTh', 'LEC', 'TH405', 'PSY-2A'),
('00508', 'Bio 2P', 'Neuro Anatomy and Physiology (NS Elective 4)', '10:00:00.000000', '11:00:00.000000', 'MWF', 'LEC', 'TH405', 'PSY-2A'),
('00508', 'Bio 2P', 'Neuro Anatomy and Physiology (NS Elective 4)', '09:00:00.000000', '12:00:00.000000', 'TTh', 'LAB', 'BLR1', 'PSY-2A'),
('00924', 'Engl 4', 'Business English Correspondence and Technical Writing', '10:00:00.000000', '11:00:00.000000', 'MWF', 'LEC', 'J203', 'PSY-4A'),
('00929', 'Engl 4', 'Business English Correspondence and Technical Writing', '08:00:00.000000', '09:00:00.000000', 'MWF', 'LEC', 'J202', 'PSY-4B'),
('00510', 'Fil 2', 'Pagbasa at Pagsulat Tungo sa Pananaliksik', '14:00:00.000000', '15:30:00.000000', 'TTh', 'LEC', 'TH404', 'PSY-3A'),
('00917', 'Fil 2', 'Pagbasa at Pagsulat Tungo sa Pananaliksik', '16:00:00.000000', '17:00:00.000000', 'MWF', 'LEC', 'PME402', 'PSY-3B'),
('00507', 'Hum 1', 'Art Appreciation and Aesthetics', '12:30:00.000000', '14:00:00.000000', 'TTh', 'LEC', 'J601', 'PSY-2A'),
('00511', 'Lit 1', 'Philippine Literature', '15:00:00.000000', '16:00:00.000000', 'MWF', 'LEC', 'PME303', 'PSY-3A'),
('00915', 'Lit 1', 'Philippine Literature', '13:00:00.000000', '14:00:00.000000', 'MWF', 'LEC', 'PME501', 'PSY-3B'),
('00913', 'Math 5', 'College Algebra', '07:30:00.000000', '09:00:00.000000', 'TTh', 'LEC', 'J202', 'PSY-3A'),
('00512', 'NS 1', 'Earth Science', '14:00:00.000000', '15:00:00.000000', 'MWF', 'LEC', 'PME501', 'PSY-3A'),
('00916', 'NS 1', 'Earth Science', '15:00:00.000000', '16:00:00.000000', 'MWF', 'LEC', 'PME402', 'PSY-3B'),
('00925', 'NS 2b', 'Environmental Science', '10:30:00.000000', '12:00:00.000000', 'TTh', 'LEC', 'PH201', 'PSY-4A'),
('00927', 'NS 2b', 'Environmental Science', '09:00:00.000000', '10:00:00.000000', 'MWF', 'LEC', 'CH303', 'PSY-4B'),
('00501', 'NSTP 1C', 'National Service Training Program 1 (CWTS-Non PCG)', '12:00:00.000000', '15:00:00.000000', 'S', 'LEC', 'PME304', 'PSY-2A'),
('00505', 'PE 3', 'Individual and Dual Sports', '15:00:00.000000', '17:00:00.000000', 'F', 'LEC', 'AREAB', 'PSY-2A'),
('00500', 'Philo 1', 'Logic', '16:00:00.000000', '17:00:00.000000', 'MWF', 'LEC', 'PME501', 'PSY-3A'),
('00918', 'Philo 1', 'Logic', '17:15:00.000000', '18:15:00.000000', 'MWF', 'LEC', 'PME501', 'PSY-3B'),
('00923', 'Pol Sci 1', 'Politics and Governance with Philippine Constitution', '11:00:00.000000', '12:00:00.000000', 'MWF', 'LEC', 'J203', 'PSY-4A'),
('00930', 'Pol Sci 1', 'Politics and Governance with Philippine Constitution', '18:30:00.000000', '20:00:00.000000', 'TTh', 'LEC', 'CH202', 'PSY-4B'),
('00912', 'Psy 10', 'Guidance and Counseling (Elective 2)', '17:15:00.000000', '18:15:00.000000', 'MWF', 'LEC', 'J303', 'PSY-3A'),
('00919', 'Psy 10', 'Guidance and Counseling (Elective 2)', '18:15:00.000000', '19:15:00.000000', 'MWF', 'LEC', 'J303', 'PSY-3B'),
('00920', 'Psy 15', 'Psychotherapy (Elective 6)', '12:30:00.000000', '14:00:00.000000', 'TTh', 'LEC', 'TH403', 'PSY-4A'),
('00926', 'Psy 15', 'Psychotherapy (Elective 6)', '10:30:00.000000', '12:00:00.000000', 'TTh', 'LEC', 'J305', 'PSY-4B'),
('00921', 'Psy 16', 'Research in Psychology II', '07:30:00.000000', '09:00:00.000000', 'TTh', 'LEC', 'J303', 'PSY-4A'),
('00932', 'Psy 16', 'Research in Psychology II', '09:00:00.000000', '10:30:00.000000', 'TTh', 'LEC', 'J303', 'PSY-4B'),
('00931', 'Psy 17', 'Practicum in Psychology (Elective 7)', '17:15:00.000000', '18:15:00.000000', 'MWF', 'LEC', 'Field', 'PSY-4B'),
('00502', 'Psy 3', 'Developmental Psychology', '09:00:00.000000', '10:00:00.000000', 'MWF', 'LEC', 'J303', 'PSY-2A'),
('00506', 'Psy 8', 'Social Psychology', '13:00:00.000000', '14:00:00.000000', 'MWF', 'LEC', 'J303', 'PSY-3A'),
('00513', 'Psy 9', 'Educational Psychology (Elective 1)', '10:30:00.000000', '12:00:00.000000', 'TTh', 'LEC', 'J303', 'PSY-3A'),
('00914', 'Psy 9', 'Educational Psychology (Elective 1)', '12:30:00.000000', '14:00:00.000000', 'TTh', 'LEC', 'J303', 'PSY-3B'),
('00922', 'Rizal', 'Life, Works and Writings of Dr. Jose Rizal', '09:00:00.000000', '10:30:00.000000', 'TTh', 'LEC', 'PH206', 'PSY-4A'),
('00928', 'Rizal', 'Life, Works and Writings of Dr. Jose Rizal', '11:00:00.000000', '12:00:00.000000', 'MWF', 'LEC', 'J204', 'PSY-4B'),
('00509', 'Socio 1', 'Society and Culture with Family Planning', '11:00:00.000000', '12:00:00.000000', 'MWF', 'LEC', 'J401', 'PSY-2A');

-- --------------------------------------------------------

--
-- Stand-in structure for view `subjectselectedview`
--
CREATE TABLE IF NOT EXISTS `subjectselectedview` (
`subjectOfferNo` varchar(255)
,`userID` int(11)
,`subjectCode` varchar(255)
,`description` varchar(255)
,`timeStart` time(6)
,`timeEnd` time(6)
,`day` varchar(255)
,`leclab` varchar(255)
,`room` varchar(255)
,`section` varchar(25)
);

-- --------------------------------------------------------

--
-- Stand-in structure for view `useraccountview`
--
CREATE TABLE IF NOT EXISTS `useraccountview` (
`userID` int(11)
,`fullName` varchar(256)
,`address` varchar(256)
,`emailAddress` varchar(256)
,`username` varchar(256)
,`password` varchar(256)
);

-- --------------------------------------------------------

--
-- Table structure for table `users`
--

CREATE TABLE IF NOT EXISTS `users` (
  `userID` int(11) NOT NULL,
  `fullName` varchar(256) NOT NULL,
  `address` varchar(256) NOT NULL,
  `emailAddress` varchar(256) NOT NULL
) ENGINE=InnoDB AUTO_INCREMENT=4 DEFAULT CHARSET=latin1;

--
-- Dumping data for table `users`
--

INSERT INTO `users` (`userID`, `fullName`, `address`, `emailAddress`) VALUES
(1, 'Allen Raven Antipuesto', 'Block 4 Lot 33 Vista Verde Panacan Davao City', 'allennravennanntipuesto@gmail.com'),
(2, 'asdasdasd sdasd', 'sdas', 'Allen@gmail.com'),
(3, 'Administrator Account', 'administratorAccount address', 'admin@admin');

-- --------------------------------------------------------

--
-- Structure for view `schedulesview`
--
DROP TABLE IF EXISTS `schedulesview`;

CREATE ALGORITHM=UNDEFINED DEFINER=`root`@`localhost` SQL SECURITY DEFINER VIEW `schedulesview` AS select `schedules`.`scheduleName` AS `scheduleName`,`schedules`.`subjectOfferNo` AS `subjectOfferNo`,`schedules`.`userID` AS `userID`,`subjectoffer`.`subjectCode` AS `subjectCode`,`subjectoffer`.`description` AS `description`,`subjectoffer`.`timeStart` AS `timeStart`,`subjectoffer`.`timeEnd` AS `timeEnd`,`subjectoffer`.`day` AS `day`,`subjectoffer`.`leclab` AS `leclab`,`subjectoffer`.`room` AS `room`,`subjectoffer`.`section` AS `section` from (`schedules` join `subjectoffer` on((`schedules`.`subjectOfferNo` = `subjectoffer`.`subjectOfferNo`)));

-- --------------------------------------------------------

--
-- Structure for view `subjectselectedview`
--
DROP TABLE IF EXISTS `subjectselectedview`;

CREATE ALGORITHM=UNDEFINED DEFINER=`root`@`localhost` SQL SECURITY DEFINER VIEW `subjectselectedview` AS select `selectedsubjects`.`subjectOfferNo` AS `subjectOfferNo`,`selectedsubjects`.`userID` AS `userID`,`subjectoffer`.`subjectCode` AS `subjectCode`,`subjectoffer`.`description` AS `description`,`subjectoffer`.`timeStart` AS `timeStart`,`subjectoffer`.`timeEnd` AS `timeEnd`,`subjectoffer`.`day` AS `day`,`subjectoffer`.`leclab` AS `leclab`,`subjectoffer`.`room` AS `room`,`subjectoffer`.`section` AS `section` from (`selectedsubjects` join `subjectoffer` on((`selectedsubjects`.`subjectOfferNo` = `subjectoffer`.`subjectOfferNo`)));

-- --------------------------------------------------------

--
-- Structure for view `useraccountview`
--
DROP TABLE IF EXISTS `useraccountview`;

CREATE ALGORITHM=UNDEFINED DEFINER=`root`@`localhost` SQL SECURITY DEFINER VIEW `useraccountview` AS select `users`.`userID` AS `userID`,`users`.`fullName` AS `fullName`,`users`.`address` AS `address`,`users`.`emailAddress` AS `emailAddress`,`accounts`.`username` AS `username`,`accounts`.`password` AS `password` from (`accounts` join `users` on((`accounts`.`userID` = `users`.`userID`)));

--
-- Indexes for dumped tables
--

--
-- Indexes for table `users`
--
ALTER TABLE `users`
  ADD PRIMARY KEY (`userID`);

--
-- AUTO_INCREMENT for dumped tables
--

--
-- AUTO_INCREMENT for table `users`
--
ALTER TABLE `users`
  MODIFY `userID` int(11) NOT NULL AUTO_INCREMENT,AUTO_INCREMENT=4;
/*!40101 SET CHARACTER_SET_CLIENT=@OLD_CHARACTER_SET_CLIENT */;
/*!40101 SET CHARACTER_SET_RESULTS=@OLD_CHARACTER_SET_RESULTS */;
/*!40101 SET COLLATION_CONNECTION=@OLD_COLLATION_CONNECTION */;
